word,start_time,end_time,speaker_tag
네,0.4,6.9,1
반갑습니다,6.9,7.2,1
제,7.2,7.8,1
115차,7.8,8.7,1
정책조정회의,8.7,9.5,1
를,9.5,9.9,1
원내대표에,9.9,11.0,1
모두,11.0,11.2,1
바로,11.2,11.5,1
시작하겠습니다,11.5,12.0,1
11,12.0,15.5,1
12,15.5,16.3,1
월,16.3,16.6,1
임시,16.6,17.1,1
이렇게,17.1,17.5,1
분위기가,17.5,18.2,1
아,18.2,18.9,1
이제,18.9,19.4,1
일주일,19.4,19.7,1
앞으로,19.7,20.2,1
다가왔습니다,20.2,20.6,1
여야가,20.6,22.6,1
민생법안,22.6,23.6,1
처리를,23.6,24.1,1
위해,24.1,24.3,1
논의,24.3,25.3,1
속도를,25.3,26.1,1
더,26.1,26.3,1
내야겠습니다,26.3,26.8,1
꼭,26.8,28.6,1
처리해야,28.6,29.3,1
할,29.3,29.6,1
과제는,29.6,30.5,1
6300번,30.5,31.9,1
산업안전보건법,31.9,33.6,1
입니다,33.6,34.0,1
6003번,34.0,36.0,1
오늘,36.0,36.3,1
의,36.3,36.8,1
연애,36.8,37.0,1
법안소위에서,37.0,38.1,1
눈이,38.1,38.8,1
될,38.8,39.1,1
예정입니다,39.1,39.8,1
오늘,39.8,40.7,1
합의가,40.7,41.3,1
이루어지지,41.3,41.9,1
않을,41.9,42.2,1
경우,42.2,42.6,1
27번의,42.6,44.2,1
처리가,44.2,44.9,1
사실상,44.9,45.5,1
어렵습니다,45.5,46.2,1
자유한국당,46.2,48.0,1
도,48.0,48.2,1
아이들이,48.2,49.1,1
하는,49.1,49.3,1
마음이,49.3,49.8,1
조금이라도,49.8,50.4,1
있다면,50.4,50.8,1
6003번,50.8,52.2,1
노니,52.2,52.5,1
접속,52.5,53.5,1
구매합니다,53.5,54.3,1
지난번,54.3,56.6,1
정기국회,56.6,57.2,1
때처럼,57.2,57.7,1
법원,57.7,59.6,1
처리를,59.6,60.2,1
네,0.4,6.9,1
반갑습니다,6.9,7.2,1
제,7.2,7.8,1
115차,7.8,8.7,1
정책조정회의,8.7,9.5,1
를,9.5,9.9,1
원내대표에,9.9,11.0,1
모두,11.0,11.2,1
바로,11.2,11.5,1
시작하겠습니다,11.5,12.0,1
11,12.0,15.5,1
12,15.5,16.3,1
월,16.3,16.6,1
임시,16.6,17.1,1
이렇게,17.1,17.5,1
분위기가,17.5,18.2,1
아,18.2,18.9,1
이제,18.9,19.4,1
일주일,19.4,19.7,1
앞으로,19.7,20.2,1
다가왔습니다,20.2,20.6,1
여야가,20.6,22.6,1
민생법안,22.6,23.6,1
처리를,23.6,24.1,1
위해,24.1,24.3,1
논의,24.3,25.3,1
속도를,25.3,26.1,1
더,26.1,26.3,1
내야겠습니다,26.3,26.8,1
꼭,26.8,28.6,1
처리해야,28.6,29.3,1
할,29.3,29.6,1
과제는,29.6,30.5,1
6300번,30.5,31.9,1
산업안전보건법,31.9,33.6,1
입니다,33.6,34.0,1
6003번,34.0,36.0,1
오늘,36.0,36.3,1
의,36.3,36.8,1
연애,36.8,37.0,1
법안소위에서,37.0,38.1,1
눈이,38.1,38.8,1
될,38.8,39.1,1
예정입니다,39.1,39.8,1
오늘,39.8,40.7,1
합의가,40.7,41.3,1
이루어지지,41.3,41.9,1
않을,41.9,42.2,1
경우,42.2,42.6,1
27번의,42.6,44.2,1
처리가,44.2,44.9,1
사실상,44.9,45.5,1
어렵습니다,45.5,46.2,1
자유한국당,46.2,48.0,1
도,48.0,48.2,1
아이들이,48.2,49.1,1
하는,49.1,49.3,1
마음이,49.3,49.8,1
조금이라도,49.8,50.4,1
있다면,50.4,50.8,1
6003번,50.8,52.2,1
노니,52.2,52.5,1
접속,52.5,53.5,1
구매합니다,53.5,54.3,1
지난번,54.3,56.6,1
정기국회,56.6,57.2,1
때처럼,57.2,57.7,1
법원,57.7,59.6,1
처리를,59.6,60.2,1
연,60.4,60.9,1
시키려는,60.9,61.8,1
무슨,61.8,62.5,1
국민이,62.5,63.7,1
용납하지,63.7,64.6,1
않을,64.6,64.9,1
것입니다,64.9,65.2,1
우리,65.2,66.9,1
다음은,66.9,67.3,1
오늘,67.3,68.0,1
처리될,68.0,69.3,1
수,69.3,69.4,1
있도록,69.4,69.5,1
최선을,69.5,70.7,1
다해서,70.7,70.9,1
열린,70.9,71.6,1
자세로,71.6,71.8,1
소방서에,71.8,73.5,1
임하겠습니다,73.5,74.0,1
그러나,74.0,76.6,1
끝내,76.6,77.4,1
자유한국당이,77.4,78.6,1
반대한다면,78.6,79.8,1
패스트트랙을,79.8,82.6,1
통해,82.6,83.7,1
처리하는,83.7,85.6,1
방안을,85.6,86.2,1
추진,86.2,87.6,1
하겠습니다,87.6,88.2,1
위험의,88.2,90.0,1
외주화,90.0,90.0,1
를,90.0,90.6,1
막을,90.6,91.1,1
산업안전보건법,91.1,93.0,1
또,93.0,93.2,1
반드시,93.2,93.7,1
처리하겠습니다,93.7,94.4,1
더,94.4,97.1,1
이상,97.1,97.4,1
내몰리지,97.4,99.0,1
않기,99.0,99.3,1
위해서,99.3,99.7,1
필요한,99.7,100.0,1
법안입니다,100.0,100.5,1
다행히,100.5,102.0,1
어제,102.0,102.5,1
황영희,102.5,103.0,1
고용노동청,103.0,103.9,1
위해서,103.9,104.3,1
27일,104.3,105.1,1
본회의에서,105.1,105.6,1
산업안전보건법을,105.6,107.7,1
처리하기,107.7,108.4,1
여야간,108.4,109.2,1
의견이,109.2,110.1,1
모아졌다,110.1,110.5,1
습니다,110.5,111.0,1
앞으로,111.0,111.9,1
돈,111.9,112.0,1
이,112.0,112.1,1
과정에서,112.1,112.8,1
차질,112.8,113.4,1
없이,113.4,113.7,1
처리될,113.7,115.4,1
수,115.4,115.4,1
있도록,115.4,115.6,1
기도합니다,115.6,117.4,1
네,0.4,6.9,1
반갑습니다,6.9,7.2,1
제,7.2,7.8,1
115차,7.8,8.7,1
정책조정회의,8.7,9.5,1
를,9.5,9.9,1
원내대표에,9.9,11.0,1
모두,11.0,11.2,1
바로,11.2,11.5,1
시작하겠습니다,11.5,12.0,1
11,12.0,15.5,1
12,15.5,16.3,1
월,16.3,16.6,1
임시,16.6,17.1,1
이렇게,17.1,17.5,1
분위기가,17.5,18.2,1
아,18.2,18.9,1
이제,18.9,19.4,1
일주일,19.4,19.7,1
앞으로,19.7,20.2,1
다가왔습니다,20.2,20.6,1
여야가,20.6,22.6,1
민생법안,22.6,23.6,1
처리를,23.6,24.1,1
위해,24.1,24.3,1
논의,24.3,25.3,1
속도를,25.3,26.1,1
더,26.1,26.3,1
내야겠습니다,26.3,26.8,1
꼭,26.8,28.6,1
처리해야,28.6,29.3,1
할,29.3,29.6,1
과제는,29.6,30.5,1
6300번,30.5,31.9,1
산업안전보건법,31.9,33.6,1
입니다,33.6,34.0,1
6003번,34.0,36.0,1
오늘,36.0,36.3,1
의,36.3,36.8,1
연애,36.8,37.0,1
법안소위에서,37.0,38.1,1
눈이,38.1,38.8,1
될,38.8,39.1,1
예정입니다,39.1,39.8,1
오늘,39.8,40.7,1
합의가,40.7,41.3,1
이루어지지,41.3,41.9,1
않을,41.9,42.2,1
경우,42.2,42.6,1
27번의,42.6,44.2,1
처리가,44.2,44.9,1
사실상,44.9,45.5,1
어렵습니다,45.5,46.2,1
자유한국당,46.2,48.0,1
도,48.0,48.2,1
아이들이,48.2,49.1,1
하는,49.1,49.3,1
마음이,49.3,49.8,1
조금이라도,49.8,50.4,1
있다면,50.4,50.8,1
6003번,50.8,52.2,1
노니,52.2,52.5,1
접속,52.5,53.5,1
구매합니다,53.5,54.3,1
지난번,54.3,56.6,1
정기국회,56.6,57.2,1
때처럼,57.2,57.7,1
법원,57.7,59.6,1
처리를,59.6,60.2,1
연,60.4,60.9,1
시키려는,60.9,61.8,1
무슨,61.8,62.5,1
국민이,62.5,63.7,1
용납하지,63.7,64.6,1
않을,64.6,64.9,1
것입니다,64.9,65.2,1
우리,65.2,66.9,1
다음은,66.9,67.3,1
오늘,67.3,68.0,1
처리될,68.0,69.3,1
수,69.3,69.4,1
있도록,69.4,69.5,1
최선을,69.5,70.7,1
다해서,70.7,70.9,1
열린,70.9,71.6,1
자세로,71.6,71.8,1
소방서에,71.8,73.5,1
임하겠습니다,73.5,74.0,1
그러나,74.0,76.6,1
끝내,76.6,77.4,1
자유한국당이,77.4,78.6,1
반대한다면,78.6,79.8,1
패스트트랙을,79.8,82.6,1
통해,82.6,83.7,1
처리하는,83.7,85.6,1
방안을,85.6,86.2,1
추진,86.2,87.6,1
하겠습니다,87.6,88.2,1
위험의,88.2,90.0,1
외주화,90.0,90.0,1
를,90.0,90.6,1
막을,90.6,91.1,1
산업안전보건법,91.1,93.0,1
또,93.0,93.2,1
반드시,93.2,93.7,1
처리하겠습니다,93.7,94.4,1
더,94.4,97.1,1
이상,97.1,97.4,1
내몰리지,97.4,99.0,1
않기,99.0,99.3,1
위해서,99.3,99.7,1
필요한,99.7,100.0,1
법안입니다,100.0,100.5,1
다행히,100.5,102.0,1
어제,102.0,102.5,1
황영희,102.5,103.0,1
고용노동청,103.0,103.9,1
위해서,103.9,104.3,1
27일,104.3,105.1,1
본회의에서,105.1,105.6,1
산업안전보건법을,105.6,107.7,1
처리하기,107.7,108.4,1
여야간,108.4,109.2,1
의견이,109.2,110.1,1
모아졌다,110.1,110.5,1
습니다,110.5,111.0,1
앞으로,111.0,111.9,1
돈,111.9,112.0,1
이,112.0,112.1,1
과정에서,112.1,112.8,1
차질,112.8,113.4,1
없이,113.4,113.7,1
처리될,113.7,115.4,1
수,115.4,115.4,1
있도록,115.4,115.6,1
기도합니다,115.6,117.4,1
협상을,120.4,121.3,1
총괄하는,121.3,121.7,1
비건,121.7,122.5,1
미국,122.5,122.9,1
특별대표가,122.9,123.7,1
어제,123.7,124.0,1
방황하면서,124.0,124.7,1
주목할만한,124.7,126.1,1
메세지를,126.1,126.8,1
잡혀,126.8,127.1,1
있습니다,127.1,127.3,1
인도적,127.3,128.6,1
차원에서,128.6,128.8,1
대북지원을,128.8,129.8,1
확실히,129.8,130.3,1
보장하고,130.3,130.8,1
미국인의,130.8,131.9,1
북한,131.9,132.6,1
여행,132.6,133.0,1
금지조치를,133.0,133.7,1
재검토하겠다고,133.7,134.9,1
밝혔다,134.9,135.1,1
입니다,135.1,135.7,1
남궁민,135.7,137.6,1
사이를,137.6,137.9,1
갈라놓을,137.9,138.4,1
어떤지,138.4,138.8,1
난,138.8,139.0,1
70년에,139.0,139.6,1
적대감을,139.6,140.4,1
뛰어넘을,140.4,141.2,1
수,141.2,141.3,1
있도록,141.3,141.7,1
북한과,141.7,143.0,1
확장하겠다는,143.0,143.8,1
운동했습니다,143.8,145.0,1
그동안은,145.0,146.5,1
엄격한,146.5,147.1,1
대북제재,147.1,147.7,1
방침을,147.7,148.3,1
고수했던,148.3,148.9,1
미국이,148.9,149.4,1
유화책을,149.4,151.0,1
제시한,151.0,151.4,1
것입니다,151.4,151.9,1
미국,151.9,153.1,1
정부가,153.1,153.5,1
인도적,153.5,154.6,1
차원에서,154.6,154.8,1
대북지원을,154.8,156.1,1
북미대화를,156.1,157.9,1
다시,157.9,158.5,1
진전,158.5,159.1,1
시키겠다는,159.1,159.8,1
강한,159.8,160.4,1
의지를,160.4,160.7,1
밝힌,160.7,161.5,1
것으로,161.5,162.0,1
해석된다,162.0,162.9,1
북한이,162.9,164.2,1
어떤,164.2,164.5,1
반응을,164.5,164.8,1
보이는,164.8,165.3,1
양에,165.3,165.5,1
따라,165.5,165.8,1
행동할,165.8,166.4,1
교착상태를,166.4,167.8,1
보이던,167.8,168.3,1
대화가,168.3,169.4,1
재개,169.4,170.2,1
될,170.2,170.3,1
가능성도,170.3,171.0,1
충분히,171.0,171.6,1
있어,171.6,171.9,1
보입니다,171.9,172.2,1
오늘과,172.2,173.7,1
내일,173.7,174.1,1
추석,174.1,174.9,1
대표회의,174.9,175.8,1
한미워킹그룹,175.8,177.3,1
2차,177.3,177.5,1
회의를,177.5,177.9,1
통해,177.9,178.2,1
한미,178.2,178.7,1
양국이,178.7,179.1,1
국민,179.1,179.9,1
네,0.4,6.9,1
반갑습니다,6.9,7.2,1
제,7.2,7.8,1
115차,7.8,8.7,1
정책조정회의,8.7,9.5,1
를,9.5,9.9,1
원내대표에,9.9,11.0,1
모두,11.0,11.2,1
바로,11.2,11.5,1
시작하겠습니다,11.5,12.0,1
11,12.0,15.5,1
12,15.5,16.3,1
월,16.3,16.6,1
임시,16.6,17.1,1
이렇게,17.1,17.5,1
분위기가,17.5,18.2,1
아,18.2,18.9,1
이제,18.9,19.4,1
일주일,19.4,19.7,1
앞으로,19.7,20.2,1
다가왔습니다,20.2,20.6,1
여야가,20.6,22.6,1
민생법안,22.6,23.6,1
처리를,23.6,24.1,1
위해,24.1,24.3,1
논의,24.3,25.3,1
속도를,25.3,26.1,1
더,26.1,26.3,1
내야겠습니다,26.3,26.8,1
꼭,26.8,28.6,1
처리해야,28.6,29.3,1
할,29.3,29.6,1
과제는,29.6,30.5,1
6300번,30.5,31.9,1
산업안전보건법,31.9,33.6,1
입니다,33.6,34.0,1
6003번,34.0,36.0,1
오늘,36.0,36.3,1
의,36.3,36.8,1
연애,36.8,37.0,1
법안소위에서,37.0,38.1,1
눈이,38.1,38.8,1
될,38.8,39.1,1
예정입니다,39.1,39.8,1
오늘,39.8,40.7,1
합의가,40.7,41.3,1
이루어지지,41.3,41.9,1
않을,41.9,42.2,1
경우,42.2,42.6,1
27번의,42.6,44.2,1
처리가,44.2,44.9,1
사실상,44.9,45.5,1
어렵습니다,45.5,46.2,1
자유한국당,46.2,48.0,1
도,48.0,48.2,1
아이들이,48.2,49.1,1
하는,49.1,49.3,1
마음이,49.3,49.8,1
조금이라도,49.8,50.4,1
있다면,50.4,50.8,1
6003번,50.8,52.2,1
노니,52.2,52.5,1
접속,52.5,53.5,1
구매합니다,53.5,54.3,1
지난번,54.3,56.6,1
정기국회,56.6,57.2,1
때처럼,57.2,57.7,1
법원,57.7,59.6,1
처리를,59.6,60.2,1
연,60.4,60.9,1
시키려는,60.9,61.8,1
무슨,61.8,62.5,1
국민이,62.5,63.7,1
용납하지,63.7,64.6,1
않을,64.6,64.9,1
것입니다,64.9,65.2,1
우리,65.2,66.9,1
다음은,66.9,67.3,1
오늘,67.3,68.0,1
처리될,68.0,69.3,1
수,69.3,69.4,1
있도록,69.4,69.5,1
최선을,69.5,70.7,1
다해서,70.7,70.9,1
열린,70.9,71.6,1
자세로,71.6,71.8,1
소방서에,71.8,73.5,1
임하겠습니다,73.5,74.0,1
그러나,74.0,76.6,1
끝내,76.6,77.4,1
자유한국당이,77.4,78.6,1
반대한다면,78.6,79.8,1
패스트트랙을,79.8,82.6,1
통해,82.6,83.7,1
처리하는,83.7,85.6,1
방안을,85.6,86.2,1
추진,86.2,87.6,1
하겠습니다,87.6,88.2,1
위험의,88.2,90.0,1
외주화,90.0,90.0,1
를,90.0,90.6,1
막을,90.6,91.1,1
산업안전보건법,91.1,93.0,1
또,93.0,93.2,1
반드시,93.2,93.7,1
처리하겠습니다,93.7,94.4,1
더,94.4,97.1,1
이상,97.1,97.4,1
내몰리지,97.4,99.0,1
않기,99.0,99.3,1
위해서,99.3,99.7,1
필요한,99.7,100.0,1
법안입니다,100.0,100.5,1
다행히,100.5,102.0,1
어제,102.0,102.5,1
황영희,102.5,103.0,1
고용노동청,103.0,103.9,1
위해서,103.9,104.3,1
27일,104.3,105.1,1
본회의에서,105.1,105.6,1
산업안전보건법을,105.6,107.7,1
처리하기,107.7,108.4,1
여야간,108.4,109.2,1
의견이,109.2,110.1,1
모아졌다,110.1,110.5,1
습니다,110.5,111.0,1
앞으로,111.0,111.9,1
돈,111.9,112.0,1
이,112.0,112.1,1
과정에서,112.1,112.8,1
차질,112.8,113.4,1
없이,113.4,113.7,1
처리될,113.7,115.4,1
수,115.4,115.4,1
있도록,115.4,115.6,1
기도합니다,115.6,117.4,1
협상을,120.4,121.3,1
총괄하는,121.3,121.7,1
비건,121.7,122.5,1
미국,122.5,122.9,1
특별대표가,122.9,123.7,1
어제,123.7,124.0,1
방황하면서,124.0,124.7,1
주목할만한,124.7,126.1,1
메세지를,126.1,126.8,1
잡혀,126.8,127.1,1
있습니다,127.1,127.3,1
인도적,127.3,128.6,1
차원에서,128.6,128.8,1
대북지원을,128.8,129.8,1
확실히,129.8,130.3,1
보장하고,130.3,130.8,1
미국인의,130.8,131.9,1
북한,131.9,132.6,1
여행,132.6,133.0,1
금지조치를,133.0,133.7,1
재검토하겠다고,133.7,134.9,1
밝혔다,134.9,135.1,1
입니다,135.1,135.7,1
남궁민,135.7,137.6,1
사이를,137.6,137.9,1
갈라놓을,137.9,138.4,1
어떤지,138.4,138.8,1
난,138.8,139.0,1
70년에,139.0,139.6,1
적대감을,139.6,140.4,1
뛰어넘을,140.4,141.2,1
수,141.2,141.3,1
있도록,141.3,141.7,1
북한과,141.7,143.0,1
확장하겠다는,143.0,143.8,1
운동했습니다,143.8,145.0,1
그동안은,145.0,146.5,1
엄격한,146.5,147.1,1
대북제재,147.1,147.7,1
방침을,147.7,148.3,1
고수했던,148.3,148.9,1
미국이,148.9,149.4,1
유화책을,149.4,151.0,1
제시한,151.0,151.4,1
것입니다,151.4,151.9,1
미국,151.9,153.1,1
정부가,153.1,153.5,1
인도적,153.5,154.6,1
차원에서,154.6,154.8,1
대북지원을,154.8,156.1,1
북미대화를,156.1,157.9,1
다시,157.9,158.5,1
진전,158.5,159.1,1
시키겠다는,159.1,159.8,1
강한,159.8,160.4,1
의지를,160.4,160.7,1
밝힌,160.7,161.5,1
것으로,161.5,162.0,1
해석된다,162.0,162.9,1
북한이,162.9,164.2,1
어떤,164.2,164.5,1
반응을,164.5,164.8,1
보이는,164.8,165.3,1
양에,165.3,165.5,1
따라,165.5,165.8,1
행동할,165.8,166.4,1
교착상태를,166.4,167.8,1
보이던,167.8,168.3,1
대화가,168.3,169.4,1
재개,169.4,170.2,1
될,170.2,170.3,1
가능성도,170.3,171.0,1
충분히,171.0,171.6,1
있어,171.6,171.9,1
보입니다,171.9,172.2,1
오늘과,172.2,173.7,1
내일,173.7,174.1,1
추석,174.1,174.9,1
대표회의,174.9,175.8,1
한미워킹그룹,175.8,177.3,1
2차,177.3,177.5,1
회의를,177.5,177.9,1
통해,177.9,178.2,1
한미,178.2,178.7,1
양국이,178.7,179.1,1
국민,179.1,179.9,1
새로운,180.3,181.4,1
돌파구를,181.4,182.0,1
마지막에,182.0,182.9,1
바랍니다,182.9,183.5,1
미국식이,183.5,185.6,1
인도적,185.6,186.3,1
지원에,186.3,186.7,1
체제를,186.7,187.5,1
식사하면서,187.5,188.1,1
남북,188.1,188.7,1
교류,188.7,189.0,1
해도,189.0,189.2,1
탄력이,189.2,190.2,1
붙을,190.2,190.6,1
것으로,190.6,190.9,1
예상됩니다,190.9,191.8,1
26일,191.8,194.1,1
열리는,194.1,195.1,1
남북,195.1,196.5,1
철도,196.5,197.4,1
착공시기,197.4,198.6,1
남북교류를,198.6,199.6,1
확대하고,199.6,200.4,1
북미대화,200.4,201.6,1
진전을,201.6,202.1,1
가져오는,202.1,202.7,1
계기가,202.7,203.1,1
되기를,203.1,203.4,1
바랍니다,203.4,203.8,1
미국,203.8,206.5,1
중앙은행이,206.5,207.2,1
오늘,207.2,207.6,1
새벽,207.6,208.2,1
기준,208.2,208.9,1
금리를,208.9,209.5,1
또,209.5,209.7,1
인상했습니다,209.7,210.4,1
월드,210.4,211.7,1
엄마는,211.7,212.7,1
벌써,212.7,212.8,1
네,212.8,213.3,1
번째,213.3,213.8,1
기준,213.8,214.3,1
금리,214.3,214.7,1
인상,214.7,215.1,1
입니다,215.1,215.5,1
미국과,215.5,217.2,1
우리나라의,217.2,217.6,1
기준,217.6,218.8,1
금리격차,218.8,219.5,1
넣어서,219.5,220.2,1
벌어졌습니다,220.2,220.9,1
미국,220.9,222.3,1
금리,222.3,222.6,1
인상은,222.6,223.2,1
우리,223.2,223.6,1
경제의,223.6,224.2,1
여러,224.2,224.6,1
측면에서,224.6,225.0,1
영향을,225.0,226.5,1
미치게,226.5,227.0,1
됩니다,227.0,227.2,1
물론,227.2,228.7,1
당장은,228.7,229.3,1
우리,229.3,229.6,1
경제에,229.6,230.2,1
큰,230.2,230.3,1
영향은,230.3,231.0,1
없을,231.0,231.3,1
것이란,231.3,231.8,1
전망이,231.8,232.4,1
우세하다,232.4,232.5,1
그러나,232.5,233.9,1
외국인자금,233.9,234.8,1
유출과,234.8,235.5,1
이로,235.5,235.8,1
인해,235.8,236.1,1
금융시장이,236.1,237.8,1
불안해질,237.8,238.6,1
가능성을,238.6,239.4,1
배제할,239.4,239.9,1
수,239.9,240.1,1
없,240.1,240.3,1
네,0.4,6.9,1
반갑습니다,6.9,7.2,1
제,7.2,7.8,1
115차,7.8,8.7,1
정책조정회의,8.7,9.5,1
를,9.5,9.9,1
원내대표에,9.9,11.0,1
모두,11.0,11.2,1
바로,11.2,11.5,1
시작하겠습니다,11.5,12.0,1
11,12.0,15.5,1
12,15.5,16.3,1
월,16.3,16.6,1
임시,16.6,17.1,1
이렇게,17.1,17.5,1
분위기가,17.5,18.2,1
아,18.2,18.9,1
이제,18.9,19.4,1
일주일,19.4,19.7,1
앞으로,19.7,20.2,1
다가왔습니다,20.2,20.6,1
여야가,20.6,22.6,1
민생법안,22.6,23.6,1
처리를,23.6,24.1,1
위해,24.1,24.3,1
논의,24.3,25.3,1
속도를,25.3,26.1,1
더,26.1,26.3,1
내야겠습니다,26.3,26.8,1
꼭,26.8,28.6,1
처리해야,28.6,29.3,1
할,29.3,29.6,1
과제는,29.6,30.5,1
6300번,30.5,31.9,1
산업안전보건법,31.9,33.6,1
입니다,33.6,34.0,1
6003번,34.0,36.0,1
오늘,36.0,36.3,1
의,36.3,36.8,1
연애,36.8,37.0,1
법안소위에서,37.0,38.1,1
눈이,38.1,38.8,1
될,38.8,39.1,1
예정입니다,39.1,39.8,1
오늘,39.8,40.7,1
합의가,40.7,41.3,1
이루어지지,41.3,41.9,1
않을,41.9,42.2,1
경우,42.2,42.6,1
27번의,42.6,44.2,1
처리가,44.2,44.9,1
사실상,44.9,45.5,1
어렵습니다,45.5,46.2,1
자유한국당,46.2,48.0,1
도,48.0,48.2,1
아이들이,48.2,49.1,1
하는,49.1,49.3,1
마음이,49.3,49.8,1
조금이라도,49.8,50.4,1
있다면,50.4,50.8,1
6003번,50.8,52.2,1
노니,52.2,52.5,1
접속,52.5,53.5,1
구매합니다,53.5,54.3,1
지난번,54.3,56.6,1
정기국회,56.6,57.2,1
때처럼,57.2,57.7,1
법원,57.7,59.6,1
처리를,59.6,60.2,1
연,60.4,60.9,1
시키려는,60.9,61.8,1
무슨,61.8,62.5,1
국민이,62.5,63.7,1
용납하지,63.7,64.6,1
않을,64.6,64.9,1
것입니다,64.9,65.2,1
우리,65.2,66.9,1
다음은,66.9,67.3,1
오늘,67.3,68.0,1
처리될,68.0,69.3,1
수,69.3,69.4,1
있도록,69.4,69.5,1
최선을,69.5,70.7,1
다해서,70.7,70.9,1
열린,70.9,71.6,1
자세로,71.6,71.8,1
소방서에,71.8,73.5,1
임하겠습니다,73.5,74.0,1
그러나,74.0,76.6,1
끝내,76.6,77.4,1
자유한국당이,77.4,78.6,1
반대한다면,78.6,79.8,1
패스트트랙을,79.8,82.6,1
통해,82.6,83.7,1
처리하는,83.7,85.6,1
방안을,85.6,86.2,1
추진,86.2,87.6,1
하겠습니다,87.6,88.2,1
위험의,88.2,90.0,1
외주화,90.0,90.0,1
를,90.0,90.6,1
막을,90.6,91.1,1
산업안전보건법,91.1,93.0,1
또,93.0,93.2,1
반드시,93.2,93.7,1
처리하겠습니다,93.7,94.4,1
더,94.4,97.1,1
이상,97.1,97.4,1
내몰리지,97.4,99.0,1
않기,99.0,99.3,1
위해서,99.3,99.7,1
필요한,99.7,100.0,1
법안입니다,100.0,100.5,1
다행히,100.5,102.0,1
어제,102.0,102.5,1
황영희,102.5,103.0,1
고용노동청,103.0,103.9,1
위해서,103.9,104.3,1
27일,104.3,105.1,1
본회의에서,105.1,105.6,1
산업안전보건법을,105.6,107.7,1
처리하기,107.7,108.4,1
여야간,108.4,109.2,1
의견이,109.2,110.1,1
모아졌다,110.1,110.5,1
습니다,110.5,111.0,1
앞으로,111.0,111.9,1
돈,111.9,112.0,1
이,112.0,112.1,1
과정에서,112.1,112.8,1
차질,112.8,113.4,1
없이,113.4,113.7,1
처리될,113.7,115.4,1
수,115.4,115.4,1
있도록,115.4,115.6,1
기도합니다,115.6,117.4,1
협상을,120.4,121.3,1
총괄하는,121.3,121.7,1
비건,121.7,122.5,1
미국,122.5,122.9,1
특별대표가,122.9,123.7,1
어제,123.7,124.0,1
방황하면서,124.0,124.7,1
주목할만한,124.7,126.1,1
메세지를,126.1,126.8,1
잡혀,126.8,127.1,1
있습니다,127.1,127.3,1
인도적,127.3,128.6,1
차원에서,128.6,128.8,1
대북지원을,128.8,129.8,1
확실히,129.8,130.3,1
보장하고,130.3,130.8,1
미국인의,130.8,131.9,1
북한,131.9,132.6,1
여행,132.6,133.0,1
금지조치를,133.0,133.7,1
재검토하겠다고,133.7,134.9,1
밝혔다,134.9,135.1,1
입니다,135.1,135.7,1
남궁민,135.7,137.6,1
사이를,137.6,137.9,1
갈라놓을,137.9,138.4,1
어떤지,138.4,138.8,1
난,138.8,139.0,1
70년에,139.0,139.6,1
적대감을,139.6,140.4,1
뛰어넘을,140.4,141.2,1
수,141.2,141.3,1
있도록,141.3,141.7,1
북한과,141.7,143.0,1
확장하겠다는,143.0,143.8,1
운동했습니다,143.8,145.0,1
그동안은,145.0,146.5,1
엄격한,146.5,147.1,1
대북제재,147.1,147.7,1
방침을,147.7,148.3,1
고수했던,148.3,148.9,1
미국이,148.9,149.4,1
유화책을,149.4,151.0,1
제시한,151.0,151.4,1
것입니다,151.4,151.9,1
미국,151.9,153.1,1
정부가,153.1,153.5,1
인도적,153.5,154.6,1
차원에서,154.6,154.8,1
대북지원을,154.8,156.1,1
북미대화를,156.1,157.9,1
다시,157.9,158.5,1
진전,158.5,159.1,1
시키겠다는,159.1,159.8,1
강한,159.8,160.4,1
의지를,160.4,160.7,1
밝힌,160.7,161.5,1
것으로,161.5,162.0,1
해석된다,162.0,162.9,1
북한이,162.9,164.2,1
어떤,164.2,164.5,1
반응을,164.5,164.8,1
보이는,164.8,165.3,1
양에,165.3,165.5,1
따라,165.5,165.8,1
행동할,165.8,166.4,1
교착상태를,166.4,167.8,1
보이던,167.8,168.3,1
대화가,168.3,169.4,1
재개,169.4,170.2,1
될,170.2,170.3,1
가능성도,170.3,171.0,1
충분히,171.0,171.6,1
있어,171.6,171.9,1
보입니다,171.9,172.2,1
오늘과,172.2,173.7,1
내일,173.7,174.1,1
추석,174.1,174.9,1
대표회의,174.9,175.8,1
한미워킹그룹,175.8,177.3,1
2차,177.3,177.5,1
회의를,177.5,177.9,1
통해,177.9,178.2,1
한미,178.2,178.7,1
양국이,178.7,179.1,1
국민,179.1,179.9,1
새로운,180.3,181.4,1
돌파구를,181.4,182.0,1
마지막에,182.0,182.9,1
바랍니다,182.9,183.5,1
미국식이,183.5,185.6,1
인도적,185.6,186.3,1
지원에,186.3,186.7,1
체제를,186.7,187.5,1
식사하면서,187.5,188.1,1
남북,188.1,188.7,1
교류,188.7,189.0,1
해도,189.0,189.2,1
탄력이,189.2,190.2,1
붙을,190.2,190.6,1
것으로,190.6,190.9,1
예상됩니다,190.9,191.8,1
26일,191.8,194.1,1
열리는,194.1,195.1,1
남북,195.1,196.5,1
철도,196.5,197.4,1
착공시기,197.4,198.6,1
남북교류를,198.6,199.6,1
확대하고,199.6,200.4,1
북미대화,200.4,201.6,1
진전을,201.6,202.1,1
가져오는,202.1,202.7,1
계기가,202.7,203.1,1
되기를,203.1,203.4,1
바랍니다,203.4,203.8,1
미국,203.8,206.5,1
중앙은행이,206.5,207.2,1
오늘,207.2,207.6,1
새벽,207.6,208.2,1
기준,208.2,208.9,1
금리를,208.9,209.5,1
또,209.5,209.7,1
인상했습니다,209.7,210.4,1
월드,210.4,211.7,1
엄마는,211.7,212.7,1
벌써,212.7,212.8,1
네,212.8,213.3,1
번째,213.3,213.8,1
기준,213.8,214.3,1
금리,214.3,214.7,1
인상,214.7,215.1,1
입니다,215.1,215.5,1
미국과,215.5,217.2,1
우리나라의,217.2,217.6,1
기준,217.6,218.8,1
금리격차,218.8,219.5,1
넣어서,219.5,220.2,1
벌어졌습니다,220.2,220.9,1
미국,220.9,222.3,1
금리,222.3,222.6,1
인상은,222.6,223.2,1
우리,223.2,223.6,1
경제의,223.6,224.2,1
여러,224.2,224.6,1
측면에서,224.6,225.0,1
영향을,225.0,226.5,1
미치게,226.5,227.0,1
됩니다,227.0,227.2,1
물론,227.2,228.7,1
당장은,228.7,229.3,1
우리,229.3,229.6,1
경제에,229.6,230.2,1
큰,230.2,230.3,1
영향은,230.3,231.0,1
없을,231.0,231.3,1
것이란,231.3,231.8,1
전망이,231.8,232.4,1
우세하다,232.4,232.5,1
그러나,232.5,233.9,1
외국인자금,233.9,234.8,1
유출과,234.8,235.5,1
이로,235.5,235.8,1
인해,235.8,236.1,1
금융시장이,236.1,237.8,1
불안해질,237.8,238.6,1
가능성을,238.6,239.4,1
배제할,239.4,239.9,1
수,239.9,240.1,1
없,240.1,240.3,1
정부는,240.3,241.8,1
미국,241.8,242.1,1
금리인상이,242.1,242.8,1
우리,242.8,243.5,1
경제에,243.5,244.0,1
미치는,244.0,244.1,1
영향을,244.1,245.1,1
a,245.1,245.5,1
주셔야,245.5,246.0,1
합니다.,246.0,246.1,1
외국인,246.1,247.5,1
자금,247.5,247.7,1
흐름과,247.7,248.5,1
증시,248.5,249.2,1
등,249.2,249.4,1
유명,249.4,249.7,1
시장,249.7,250.1,1
상황을,250.1,250.7,1
면밀히,250.7,250.9,1
점검하고,250.9,252.0,1
이리,252.0,252.8,1
대응책을,252.8,253.5,1
마련해,253.5,253.9,1
주기,253.9,254.1,1
바랍니다.,254.1,254.5,1
"1,500",254.5,256.2,1
도를,256.2,256.5,1
넘어선,256.5,256.9,1
가계부채도,256.9,257.6,1
철저하게,257.6,258.5,1
관리해야,258.5,259.2,1
합니다.,259.2,259.3,1
최근,259.3,260.8,1
부동산,260.8,261.4,1
가격이,261.4,261.9,1
안.,261.9,262.0,1
되면서,0.0,0.5,1
가계부채증가,0.5,2.0,1
속도는,2.0,2.6,1
둔화되는,2.6,3.8,1
추세입니다,3.8,4.6,1
그러나,4.6,6.3,1
앞으로,6.3,6.6,1
대출,6.6,7.8,1
금리가,7.8,8.1,1
더,8.1,8.5,1
오르는,8.5,9.1,1
상황에,9.1,10.1,1
대비해,10.1,10.6,1
합니다,10.6,11.0,1
금리가,11.0,12.3,1
오르면,12.3,12.5,1
서민,12.5,13.2,1
취약계층을,13.2,13.9,1
위한,13.9,14.0,1
상환부담이,14.0,15.2,1
가중될,15.2,15.7,1
수밖에,15.7,16.1,1
없습니다,16.1,16.4,1
정부는,16.4,17.6,1
금융권대출,17.6,18.5,1
기재를,18.5,19.2,1
다시,19.2,19.6,1
한번,19.6,20.3,1
점검해,20.3,20.9,1
주고,20.9,21.0,1
지하,21.0,21.8,1
2층에,21.8,22.4,1
부담이,22.4,23.1,1
걱정하지,23.1,23.7,1
않게,23.7,24.0,1
꼼꼼히,24.0,25.1,1
살펴,25.1,25.5,1
보시기,25.5,25.8,1
바랍니다,25.8,26.0,1
택시업계가,26.0,29.0,1
지난,29.0,30.2,1
당대표,30.2,30.8,1
간담회에서,30.8,31.5,1
제한된,31.5,32.2,1
사회적대타협기구,32.2,34.7,1
참여를,34.7,35.9,1
약속했습니다,35.9,36.8,1
그리고,36.8,37.9,1
오늘,37.9,38.8,1
예정된,38.8,39.8,1
대규모집회,39.8,41.9,1
도,41.9,42.3,1
평화적으로,42.3,43.5,1
진행하겠다고,43.5,44.7,1
약속했습니다,44.7,45.7,1
이런,45.7,47.7,1
일을,47.7,48.5,1
이끌어내기,48.5,49.5,1
까지,49.5,49.8,1
우리당에,49.8,50.9,1
전현희,50.9,51.5,1
의원,51.5,51.9,1
께서,51.9,52.4,1
많은,52.4,53.0,1
노력을,53.0,53.7,1
했습니다,53.7,54.3,1
사실,54.3,55.9,1
쉽지,55.9,57.5,1
않은,57.5,57.8,1
그런,57.8,58.5,1
하겠습니다,58.5,59.4,1
많은,59.4,59.8,1
되면서,0.0,0.5,1
가계부채증가,0.5,2.0,1
속도는,2.0,2.6,1
둔화되는,2.6,3.8,1
추세입니다,3.8,4.6,1
그러나,4.6,6.3,1
앞으로,6.3,6.6,1
대출,6.6,7.8,1
금리가,7.8,8.1,1
더,8.1,8.5,1
오르는,8.5,9.1,1
상황에,9.1,10.1,1
대비해,10.1,10.6,1
합니다,10.6,11.0,1
금리가,11.0,12.3,1
오르면,12.3,12.5,1
서민,12.5,13.2,1
취약계층을,13.2,13.9,1
위한,13.9,14.0,1
상환부담이,14.0,15.2,1
가중될,15.2,15.7,1
수밖에,15.7,16.1,1
없습니다,16.1,16.4,1
정부는,16.4,17.6,1
금융권대출,17.6,18.5,1
기재를,18.5,19.2,1
다시,19.2,19.6,1
한번,19.6,20.3,1
점검해,20.3,20.9,1
주고,20.9,21.0,1
지하,21.0,21.8,1
2층에,21.8,22.4,1
부담이,22.4,23.1,1
걱정하지,23.1,23.7,1
않게,23.7,24.0,1
꼼꼼히,24.0,25.1,1
살펴,25.1,25.5,1
보시기,25.5,25.8,1
바랍니다,25.8,26.0,1
택시업계가,26.0,29.0,1
지난,29.0,30.2,1
당대표,30.2,30.8,1
간담회에서,30.8,31.5,1
제한된,31.5,32.2,1
사회적대타협기구,32.2,34.7,1
참여를,34.7,35.9,1
약속했습니다,35.9,36.8,1
그리고,36.8,37.9,1
오늘,37.9,38.8,1
예정된,38.8,39.8,1
대규모집회,39.8,41.9,1
도,41.9,42.3,1
평화적으로,42.3,43.5,1
진행하겠다고,43.5,44.7,1
약속했습니다,44.7,45.7,1
이런,45.7,47.7,1
일을,47.7,48.5,1
이끌어내기,48.5,49.5,1
까지,49.5,49.8,1
우리당에,49.8,50.9,1
전현희,50.9,51.5,1
의원,51.5,51.9,1
께서,51.9,52.4,1
많은,52.4,53.0,1
노력을,53.0,53.7,1
했습니다,53.7,54.3,1
사실,54.3,55.9,1
쉽지,55.9,57.5,1
않은,57.5,57.8,1
그런,57.8,58.5,1
하겠습니다,58.5,59.4,1
많은,59.4,59.8,1
이,59.9,60.9,1
문제를,60.9,61.6,1
우리가,61.6,63.1,1
머리를,63.1,63.7,1
맞대고,63.7,64.1,1
대화와,64.1,65.3,1
타협을,65.3,65.9,1
통해서,65.9,66.8,1
풀,66.8,67.0,1
수,67.0,67.2,1
있는,67.2,67.3,1
중요한,67.3,68.3,1
초대를,68.3,70.8,1
만들었다고,70.8,71.6,1
생각합니다.,71.6,72.3,1
앞으로,72.3,74.2,1
택시,74.2,75.2,1
"카풀,",75.2,77.1,1
어깨,77.1,79.3,1
함께,79.3,80.2,1
참여하는,80.2,81.0,1
사회적대화,81.0,82.4,1
지구에서,82.4,83.4,1
서로,83.4,84.6,1
상생하고,84.6,86.6,1
혁신성장을,86.6,88.3,1
위한,88.3,88.8,1
그런,88.8,89.3,1
사회적대타협,89.3,91.2,1
만들어질,91.2,92.1,1
수,92.1,92.1,1
있도록,92.1,92.5,1
최선을,92.5,95.1,1
다하겠습니다.,95.1,95.3,1
다음은,95.3,98.7,1
김태년,98.7,99.2,1
정책위의장은,99.2,100.0,1
알겠습니다.,100.0,100.7,1
조금,100.7,103.3,1
전,103.3,103.6,1
당장,103.6,104.9,1
관련,104.9,107.4,1
협의를,107.4,109.3,1
통해서,109.3,109.7,1
자영업,109.7,111.1,1
혁신과,111.1,111.9,1
성장을,111.9,112.4,1
견인할,112.4,112.6,1
종합대책을,112.6,114.7,1
마련했습니다.,114.7,115.5,1
문재인,115.5,117.4,1
정부,117.4,117.7,1
출범,117.7,118.2,1
이후,118.2,118.3,1
가장,118.3,119.0,1
적극적으로.,119.0,119.8,1
되면서,0.0,0.5,1
가계부채증가,0.5,2.0,1
속도는,2.0,2.6,1
둔화되는,2.6,3.8,1
추세입니다,3.8,4.6,1
그러나,4.6,6.3,1
앞으로,6.3,6.6,1
대출,6.6,7.8,1
금리가,7.8,8.1,1
더,8.1,8.5,1
오르는,8.5,9.1,1
상황에,9.1,10.1,1
대비해,10.1,10.6,1
합니다,10.6,11.0,1
금리가,11.0,12.3,1
오르면,12.3,12.5,1
서민,12.5,13.2,1
취약계층을,13.2,13.9,1
위한,13.9,14.0,1
상환부담이,14.0,15.2,1
가중될,15.2,15.7,1
수밖에,15.7,16.1,1
없습니다,16.1,16.4,1
정부는,16.4,17.6,1
금융권대출,17.6,18.5,1
기재를,18.5,19.2,1
다시,19.2,19.6,1
한번,19.6,20.3,1
점검해,20.3,20.9,1
주고,20.9,21.0,1
지하,21.0,21.8,1
2층에,21.8,22.4,1
부담이,22.4,23.1,1
걱정하지,23.1,23.7,1
않게,23.7,24.0,1
꼼꼼히,24.0,25.1,1
살펴,25.1,25.5,1
보시기,25.5,25.8,1
바랍니다,25.8,26.0,1
택시업계가,26.0,29.0,1
지난,29.0,30.2,1
당대표,30.2,30.8,1
간담회에서,30.8,31.5,1
제한된,31.5,32.2,1
사회적대타협기구,32.2,34.7,1
참여를,34.7,35.9,1
약속했습니다,35.9,36.8,1
그리고,36.8,37.9,1
오늘,37.9,38.8,1
예정된,38.8,39.8,1
대규모집회,39.8,41.9,1
도,41.9,42.3,1
평화적으로,42.3,43.5,1
진행하겠다고,43.5,44.7,1
약속했습니다,44.7,45.7,1
이런,45.7,47.7,1
일을,47.7,48.5,1
이끌어내기,48.5,49.5,1
까지,49.5,49.8,1
우리당에,49.8,50.9,1
전현희,50.9,51.5,1
의원,51.5,51.9,1
께서,51.9,52.4,1
많은,52.4,53.0,1
노력을,53.0,53.7,1
했습니다,53.7,54.3,1
사실,54.3,55.9,1
쉽지,55.9,57.5,1
않은,57.5,57.8,1
그런,57.8,58.5,1
하겠습니다,58.5,59.4,1
많은,59.4,59.8,1
이,59.9,60.9,1
문제를,60.9,61.6,1
우리가,61.6,63.1,1
머리를,63.1,63.7,1
맞대고,63.7,64.1,1
대화와,64.1,65.3,1
타협을,65.3,65.9,1
통해서,65.9,66.8,1
풀,66.8,67.0,1
수,67.0,67.2,1
있는,67.2,67.3,1
중요한,67.3,68.3,1
초대를,68.3,70.8,1
만들었다고,70.8,71.6,1
생각합니다.,71.6,72.3,1
앞으로,72.3,74.2,1
택시,74.2,75.2,1
"카풀,",75.2,77.1,1
어깨,77.1,79.3,1
함께,79.3,80.2,1
참여하는,80.2,81.0,1
사회적대화,81.0,82.4,1
지구에서,82.4,83.4,1
서로,83.4,84.6,1
상생하고,84.6,86.6,1
혁신성장을,86.6,88.3,1
위한,88.3,88.8,1
그런,88.8,89.3,1
사회적대타협,89.3,91.2,1
만들어질,91.2,92.1,1
수,92.1,92.1,1
있도록,92.1,92.5,1
최선을,92.5,95.1,1
다하겠습니다.,95.1,95.3,1
다음은,95.3,98.7,1
김태년,98.7,99.2,1
정책위의장은,99.2,100.0,1
알겠습니다.,100.0,100.7,1
조금,100.7,103.3,1
전,103.3,103.6,1
당장,103.6,104.9,1
관련,104.9,107.4,1
협의를,107.4,109.3,1
통해서,109.3,109.7,1
자영업,109.7,111.1,1
혁신과,111.1,111.9,1
성장을,111.9,112.4,1
견인할,112.4,112.6,1
종합대책을,112.6,114.7,1
마련했습니다.,114.7,115.5,1
문재인,115.5,117.4,1
정부,117.4,117.7,1
출범,117.7,118.2,1
이후,118.2,118.3,1
가장,118.3,119.0,1
적극적으로.,119.0,119.8,1
책을,119.9,120.5,1
말이나,120.5,120.8,1
문화,120.8,121.2,1
중에,121.2,121.7,1
하나가,121.7,122.3,1
바로,122.3,123.0,1
소상공인자영업자,123.0,124.2,1
대책입니다.,124.2,125.0,1
그동안,125.0,126.5,1
종합대책을,126.5,129.0,1
막내,129.0,129.5,1
차례,129.5,130.3,1
발표를,130.3,130.7,1
했었는데요.,130.7,131.4,1
"일자리,",131.4,132.4,1
"안정자금,",132.4,132.9,1
사회보험료,132.9,134.2,1
등의,134.2,134.8,1
"직접지원,",134.8,135.7,1
상가임대차,135.7,137.6,1
및,137.6,137.8,1
공정거래에,137.8,138.3,1
분야,138.3,138.8,1
제도개선,138.8,139.5,1
이런,139.5,141.4,1
정책들을,141.4,142.4,1
한,142.4,142.6,1
팩,142.6,143.0,1
46개,143.0,144.7,1
146개의,144.7,146.2,1
과제가,146.2,147.0,1
현재,147.0,147.7,1
추진되고,147.7,148.4,1
"있고,",148.4,148.8,1
여기에,148.8,149.3,1
인제,149.3,149.4,1
오늘,149.4,149.9,1
종합대책이,149.9,151.1,1
발표가,151.1,151.6,1
되고,151.6,151.9,1
최근에,151.9,154.2,1
카드수수료,154.2,155.0,1
종합개편방안,155.0,155.5,1
발표를,155.5,156.5,1
대책,156.5,158.2,1
둘러,158.2,158.6,1
자영업자들의,158.6,160.5,1
경영난을,160.5,161.3,1
회수할,161.3,161.8,1
시급한,161.8,163.3,1
과제들은,163.3,163.9,1
어느정도,163.9,164.5,1
가닥이,164.5,164.8,1
잡혔다고,164.8,165.4,1
생각을,165.4,165.7,1
합니다.,165.7,165.9,1
이제는,165.9,167.4,1
자야,167.4,167.8,1
혁신과,167.8,168.9,1
성장이,168.9,169.5,1
가능한,169.5,170.2,1
생태계를,170.2,171.4,1
구축하는데,171.4,172.1,1
정책역량을,172.1,173.2,1
집중할,173.2,174.5,1
계획입니다.,174.5,175.0,1
또한,175.0,176.2,1
이번에,176.2,176.6,1
소상공인,176.6,177.5,1
자영업,177.5,178.3,1
업계와,178.3,179.0,1
논의해서.,179.0,179.5,1
되면서,0.0,0.5,1
가계부채증가,0.5,2.0,1
속도는,2.0,2.6,1
둔화되는,2.6,3.8,1
추세입니다,3.8,4.6,1
그러나,4.6,6.3,1
앞으로,6.3,6.6,1
대출,6.6,7.8,1
금리가,7.8,8.1,1
더,8.1,8.5,1
오르는,8.5,9.1,1
상황에,9.1,10.1,1
대비해,10.1,10.6,1
합니다,10.6,11.0,1
금리가,11.0,12.3,1
오르면,12.3,12.5,1
서민,12.5,13.2,1
취약계층을,13.2,13.9,1
위한,13.9,14.0,1
상환부담이,14.0,15.2,1
가중될,15.2,15.7,1
수밖에,15.7,16.1,1
없습니다,16.1,16.4,1
정부는,16.4,17.6,1
금융권대출,17.6,18.5,1
기재를,18.5,19.2,1
다시,19.2,19.6,1
한번,19.6,20.3,1
점검해,20.3,20.9,1
주고,20.9,21.0,1
지하,21.0,21.8,1
2층에,21.8,22.4,1
부담이,22.4,23.1,1
걱정하지,23.1,23.7,1
않게,23.7,24.0,1
꼼꼼히,24.0,25.1,1
살펴,25.1,25.5,1
보시기,25.5,25.8,1
바랍니다,25.8,26.0,1
택시업계가,26.0,29.0,1
지난,29.0,30.2,1
당대표,30.2,30.8,1
간담회에서,30.8,31.5,1
제한된,31.5,32.2,1
사회적대타협기구,32.2,34.7,1
참여를,34.7,35.9,1
약속했습니다,35.9,36.8,1
그리고,36.8,37.9,1
오늘,37.9,38.8,1
예정된,38.8,39.8,1
대규모집회,39.8,41.9,1
도,41.9,42.3,1
평화적으로,42.3,43.5,1
진행하겠다고,43.5,44.7,1
약속했습니다,44.7,45.7,1
이런,45.7,47.7,1
일을,47.7,48.5,1
이끌어내기,48.5,49.5,1
까지,49.5,49.8,1
우리당에,49.8,50.9,1
전현희,50.9,51.5,1
의원,51.5,51.9,1
께서,51.9,52.4,1
많은,52.4,53.0,1
노력을,53.0,53.7,1
했습니다,53.7,54.3,1
사실,54.3,55.9,1
쉽지,55.9,57.5,1
않은,57.5,57.8,1
그런,57.8,58.5,1
하겠습니다,58.5,59.4,1
많은,59.4,59.8,1
이,59.9,60.9,1
문제를,60.9,61.6,1
우리가,61.6,63.1,1
머리를,63.1,63.7,1
맞대고,63.7,64.1,1
대화와,64.1,65.3,1
타협을,65.3,65.9,1
통해서,65.9,66.8,1
풀,66.8,67.0,1
수,67.0,67.2,1
있는,67.2,67.3,1
중요한,67.3,68.3,1
초대를,68.3,70.8,1
만들었다고,70.8,71.6,1
생각합니다.,71.6,72.3,1
앞으로,72.3,74.2,1
택시,74.2,75.2,1
"카풀,",75.2,77.1,1
어깨,77.1,79.3,1
함께,79.3,80.2,1
참여하는,80.2,81.0,1
사회적대화,81.0,82.4,1
지구에서,82.4,83.4,1
서로,83.4,84.6,1
상생하고,84.6,86.6,1
혁신성장을,86.6,88.3,1
위한,88.3,88.8,1
그런,88.8,89.3,1
사회적대타협,89.3,91.2,1
만들어질,91.2,92.1,1
수,92.1,92.1,1
있도록,92.1,92.5,1
최선을,92.5,95.1,1
다하겠습니다.,95.1,95.3,1
다음은,95.3,98.7,1
김태년,98.7,99.2,1
정책위의장은,99.2,100.0,1
알겠습니다.,100.0,100.7,1
조금,100.7,103.3,1
전,103.3,103.6,1
당장,103.6,104.9,1
관련,104.9,107.4,1
협의를,107.4,109.3,1
통해서,109.3,109.7,1
자영업,109.7,111.1,1
혁신과,111.1,111.9,1
성장을,111.9,112.4,1
견인할,112.4,112.6,1
종합대책을,112.6,114.7,1
마련했습니다.,114.7,115.5,1
문재인,115.5,117.4,1
정부,117.4,117.7,1
출범,117.7,118.2,1
이후,118.2,118.3,1
가장,118.3,119.0,1
적극적으로.,119.0,119.8,1
책을,119.9,120.5,1
말이나,120.5,120.8,1
문화,120.8,121.2,1
중에,121.2,121.7,1
하나가,121.7,122.3,1
바로,122.3,123.0,1
소상공인자영업자,123.0,124.2,1
대책입니다.,124.2,125.0,1
그동안,125.0,126.5,1
종합대책을,126.5,129.0,1
막내,129.0,129.5,1
차례,129.5,130.3,1
발표를,130.3,130.7,1
했었는데요.,130.7,131.4,1
"일자리,",131.4,132.4,1
"안정자금,",132.4,132.9,1
사회보험료,132.9,134.2,1
등의,134.2,134.8,1
"직접지원,",134.8,135.7,1
상가임대차,135.7,137.6,1
및,137.6,137.8,1
공정거래에,137.8,138.3,1
분야,138.3,138.8,1
제도개선,138.8,139.5,1
이런,139.5,141.4,1
정책들을,141.4,142.4,1
한,142.4,142.6,1
팩,142.6,143.0,1
46개,143.0,144.7,1
146개의,144.7,146.2,1
과제가,146.2,147.0,1
현재,147.0,147.7,1
추진되고,147.7,148.4,1
"있고,",148.4,148.8,1
여기에,148.8,149.3,1
인제,149.3,149.4,1
오늘,149.4,149.9,1
종합대책이,149.9,151.1,1
발표가,151.1,151.6,1
되고,151.6,151.9,1
최근에,151.9,154.2,1
카드수수료,154.2,155.0,1
종합개편방안,155.0,155.5,1
발표를,155.5,156.5,1
대책,156.5,158.2,1
둘러,158.2,158.6,1
자영업자들의,158.6,160.5,1
경영난을,160.5,161.3,1
회수할,161.3,161.8,1
시급한,161.8,163.3,1
과제들은,163.3,163.9,1
어느정도,163.9,164.5,1
가닥이,164.5,164.8,1
잡혔다고,164.8,165.4,1
생각을,165.4,165.7,1
합니다.,165.7,165.9,1
이제는,165.9,167.4,1
자야,167.4,167.8,1
혁신과,167.8,168.9,1
성장이,168.9,169.5,1
가능한,169.5,170.2,1
생태계를,170.2,171.4,1
구축하는데,171.4,172.1,1
정책역량을,172.1,173.2,1
집중할,173.2,174.5,1
계획입니다.,174.5,175.0,1
또한,175.0,176.2,1
이번에,176.2,176.6,1
소상공인,176.6,177.5,1
자영업,177.5,178.3,1
업계와,178.3,179.0,1
논의해서.,179.0,179.5,1
대책을,179.9,181.6,1
말이나,181.6,182.0,1
한,182.0,182.1,1
것처럼,182.1,182.2,1
앞으로도,182.2,183.0,1
현장과,183.0,184.9,1
긴밀하게,184.9,185.6,1
소통하면서,185.6,186.9,1
정책을,186.9,188.5,1
수립하고,188.5,188.6,1
집행할,188.6,189.8,1
것입니다,189.8,190.3,1
영업,190.3,192.3,1
성장,192.3,192.7,1
혁신,192.7,193.1,1
종합대책에,193.1,194.1,1
자세한,194.1,195.7,1
내용은,195.7,196.1,1
지금,196.1,196.4,1
중기,196.4,197.5,1
중기,197.5,198.7,1
부와,198.7,199.1,1
관계부처,199.1,200.1,1
에서,200.1,200.5,1
지금,200.5,200.7,1
발표를,200.7,201.3,1
하고,201.3,201.5,1
있을,201.5,201.7,1
텐데요,201.7,202.1,1
주요,202.1,203.0,1
내용만,203.0,203.6,1
말씀,203.6,203.9,1
드리면,203.9,204.9,1
첫째로,204.9,205.4,1
구도심,205.4,206.9,1
상권,206.9,207.4,1
경기,207.4,207.9,1
소상공인,207.9,208.9,1
복합지원센터,208.9,210.2,1
설치,210.2,210.8,1
등을,210.8,211.1,1
통해서,211.1,211.5,1
자영업에,211.5,212.7,1
송장,212.7,213.2,1
영향을,213.2,214.0,1
제거하는,214.0,214.6,1
것입니다,214.6,215.5,1
두,215.5,216.2,1
번째로,216.2,216.6,1
제로페이,216.6,218.0,1
서비스,218.0,218.5,1
강화,218.5,219.0,1
지역사랑상품권,219.0,220.2,1
및,220.2,221.1,1
온누리상품권,221.1,222.3,1
발행,222.3,222.6,1
확대,222.6,223.0,1
등을,223.0,223.2,1
통해서,223.2,223.6,1
자영업자에,223.6,225.0,1
매출을,225.0,225.7,1
실제로,225.7,226.3,1
늘리고,226.3,226.8,1
비용,226.8,227.6,1
부담,227.6,227.9,1
안,227.9,228.2,1
하는,228.2,228.6,1
게,228.6,228.7,1
세,228.7,229.7,1
번째로,229.7,230.2,1
창업지원교육,230.2,232.1,1
제기를,232.1,233.6,1
아우르는,233.6,234.1,1
통합,234.1,235.3,1
지원,235.3,235.8,1
체계를,235.8,236.2,1
구축하는,236.2,236.7,1
것이,236.7,237.1,1
네,237.1,238.4,1
번째로,238.4,238.7,1
가맹본부,238.7,239.6,1
되면서,0.0,0.5,1
가계부채증가,0.5,2.0,1
속도는,2.0,2.6,1
둔화되는,2.6,3.8,1
추세입니다,3.8,4.6,1
그러나,4.6,6.3,1
앞으로,6.3,6.6,1
대출,6.6,7.8,1
금리가,7.8,8.1,1
더,8.1,8.5,1
오르는,8.5,9.1,1
상황에,9.1,10.1,1
대비해,10.1,10.6,1
합니다,10.6,11.0,1
금리가,11.0,12.3,1
오르면,12.3,12.5,1
서민,12.5,13.2,1
취약계층을,13.2,13.9,1
위한,13.9,14.0,1
상환부담이,14.0,15.2,1
가중될,15.2,15.7,1
수밖에,15.7,16.1,1
없습니다,16.1,16.4,1
정부는,16.4,17.6,1
금융권대출,17.6,18.5,1
기재를,18.5,19.2,1
다시,19.2,19.6,1
한번,19.6,20.3,1
점검해,20.3,20.9,1
주고,20.9,21.0,1
지하,21.0,21.8,1
2층에,21.8,22.4,1
부담이,22.4,23.1,1
걱정하지,23.1,23.7,1
않게,23.7,24.0,1
꼼꼼히,24.0,25.1,1
살펴,25.1,25.5,1
보시기,25.5,25.8,1
바랍니다,25.8,26.0,1
택시업계가,26.0,29.0,1
지난,29.0,30.2,1
당대표,30.2,30.8,1
간담회에서,30.8,31.5,1
제한된,31.5,32.2,1
사회적대타협기구,32.2,34.7,1
참여를,34.7,35.9,1
약속했습니다,35.9,36.8,1
그리고,36.8,37.9,1
오늘,37.9,38.8,1
예정된,38.8,39.8,1
대규모집회,39.8,41.9,1
도,41.9,42.3,1
평화적으로,42.3,43.5,1
진행하겠다고,43.5,44.7,1
약속했습니다,44.7,45.7,1
이런,45.7,47.7,1
일을,47.7,48.5,1
이끌어내기,48.5,49.5,1
까지,49.5,49.8,1
우리당에,49.8,50.9,1
전현희,50.9,51.5,1
의원,51.5,51.9,1
께서,51.9,52.4,1
많은,52.4,53.0,1
노력을,53.0,53.7,1
했습니다,53.7,54.3,1
사실,54.3,55.9,1
쉽지,55.9,57.5,1
않은,57.5,57.8,1
그런,57.8,58.5,1
하겠습니다,58.5,59.4,1
많은,59.4,59.8,1
이,59.9,60.9,1
문제를,60.9,61.6,1
우리가,61.6,63.1,1
머리를,63.1,63.7,1
맞대고,63.7,64.1,1
대화와,64.1,65.3,1
타협을,65.3,65.9,1
통해서,65.9,66.8,1
풀,66.8,67.0,1
수,67.0,67.2,1
있는,67.2,67.3,1
중요한,67.3,68.3,1
초대를,68.3,70.8,1
만들었다고,70.8,71.6,1
생각합니다.,71.6,72.3,1
앞으로,72.3,74.2,1
택시,74.2,75.2,1
"카풀,",75.2,77.1,1
어깨,77.1,79.3,1
함께,79.3,80.2,1
참여하는,80.2,81.0,1
사회적대화,81.0,82.4,1
지구에서,82.4,83.4,1
서로,83.4,84.6,1
상생하고,84.6,86.6,1
혁신성장을,86.6,88.3,1
위한,88.3,88.8,1
그런,88.8,89.3,1
사회적대타협,89.3,91.2,1
만들어질,91.2,92.1,1
수,92.1,92.1,1
있도록,92.1,92.5,1
최선을,92.5,95.1,1
다하겠습니다.,95.1,95.3,1
다음은,95.3,98.7,1
김태년,98.7,99.2,1
정책위의장은,99.2,100.0,1
알겠습니다.,100.0,100.7,1
조금,100.7,103.3,1
전,103.3,103.6,1
당장,103.6,104.9,1
관련,104.9,107.4,1
협의를,107.4,109.3,1
통해서,109.3,109.7,1
자영업,109.7,111.1,1
혁신과,111.1,111.9,1
성장을,111.9,112.4,1
견인할,112.4,112.6,1
종합대책을,112.6,114.7,1
마련했습니다.,114.7,115.5,1
문재인,115.5,117.4,1
정부,117.4,117.7,1
출범,117.7,118.2,1
이후,118.2,118.3,1
가장,118.3,119.0,1
적극적으로.,119.0,119.8,1
책을,119.9,120.5,1
말이나,120.5,120.8,1
문화,120.8,121.2,1
중에,121.2,121.7,1
하나가,121.7,122.3,1
바로,122.3,123.0,1
소상공인자영업자,123.0,124.2,1
대책입니다.,124.2,125.0,1
그동안,125.0,126.5,1
종합대책을,126.5,129.0,1
막내,129.0,129.5,1
차례,129.5,130.3,1
발표를,130.3,130.7,1
했었는데요.,130.7,131.4,1
"일자리,",131.4,132.4,1
"안정자금,",132.4,132.9,1
사회보험료,132.9,134.2,1
등의,134.2,134.8,1
"직접지원,",134.8,135.7,1
상가임대차,135.7,137.6,1
및,137.6,137.8,1
공정거래에,137.8,138.3,1
분야,138.3,138.8,1
제도개선,138.8,139.5,1
이런,139.5,141.4,1
정책들을,141.4,142.4,1
한,142.4,142.6,1
팩,142.6,143.0,1
46개,143.0,144.7,1
146개의,144.7,146.2,1
과제가,146.2,147.0,1
현재,147.0,147.7,1
추진되고,147.7,148.4,1
"있고,",148.4,148.8,1
여기에,148.8,149.3,1
인제,149.3,149.4,1
오늘,149.4,149.9,1
종합대책이,149.9,151.1,1
발표가,151.1,151.6,1
되고,151.6,151.9,1
최근에,151.9,154.2,1
카드수수료,154.2,155.0,1
종합개편방안,155.0,155.5,1
발표를,155.5,156.5,1
대책,156.5,158.2,1
둘러,158.2,158.6,1
자영업자들의,158.6,160.5,1
경영난을,160.5,161.3,1
회수할,161.3,161.8,1
시급한,161.8,163.3,1
과제들은,163.3,163.9,1
어느정도,163.9,164.5,1
가닥이,164.5,164.8,1
잡혔다고,164.8,165.4,1
생각을,165.4,165.7,1
합니다.,165.7,165.9,1
이제는,165.9,167.4,1
자야,167.4,167.8,1
혁신과,167.8,168.9,1
성장이,168.9,169.5,1
가능한,169.5,170.2,1
생태계를,170.2,171.4,1
구축하는데,171.4,172.1,1
정책역량을,172.1,173.2,1
집중할,173.2,174.5,1
계획입니다.,174.5,175.0,1
또한,175.0,176.2,1
이번에,176.2,176.6,1
소상공인,176.6,177.5,1
자영업,177.5,178.3,1
업계와,178.3,179.0,1
논의해서.,179.0,179.5,1
대책을,179.9,181.6,1
말이나,181.6,182.0,1
한,182.0,182.1,1
것처럼,182.1,182.2,1
앞으로도,182.2,183.0,1
현장과,183.0,184.9,1
긴밀하게,184.9,185.6,1
소통하면서,185.6,186.9,1
정책을,186.9,188.5,1
수립하고,188.5,188.6,1
집행할,188.6,189.8,1
것입니다,189.8,190.3,1
영업,190.3,192.3,1
성장,192.3,192.7,1
혁신,192.7,193.1,1
종합대책에,193.1,194.1,1
자세한,194.1,195.7,1
내용은,195.7,196.1,1
지금,196.1,196.4,1
중기,196.4,197.5,1
중기,197.5,198.7,1
부와,198.7,199.1,1
관계부처,199.1,200.1,1
에서,200.1,200.5,1
지금,200.5,200.7,1
발표를,200.7,201.3,1
하고,201.3,201.5,1
있을,201.5,201.7,1
텐데요,201.7,202.1,1
주요,202.1,203.0,1
내용만,203.0,203.6,1
말씀,203.6,203.9,1
드리면,203.9,204.9,1
첫째로,204.9,205.4,1
구도심,205.4,206.9,1
상권,206.9,207.4,1
경기,207.4,207.9,1
소상공인,207.9,208.9,1
복합지원센터,208.9,210.2,1
설치,210.2,210.8,1
등을,210.8,211.1,1
통해서,211.1,211.5,1
자영업에,211.5,212.7,1
송장,212.7,213.2,1
영향을,213.2,214.0,1
제거하는,214.0,214.6,1
것입니다,214.6,215.5,1
두,215.5,216.2,1
번째로,216.2,216.6,1
제로페이,216.6,218.0,1
서비스,218.0,218.5,1
강화,218.5,219.0,1
지역사랑상품권,219.0,220.2,1
및,220.2,221.1,1
온누리상품권,221.1,222.3,1
발행,222.3,222.6,1
확대,222.6,223.0,1
등을,223.0,223.2,1
통해서,223.2,223.6,1
자영업자에,223.6,225.0,1
매출을,225.0,225.7,1
실제로,225.7,226.3,1
늘리고,226.3,226.8,1
비용,226.8,227.6,1
부담,227.6,227.9,1
안,227.9,228.2,1
하는,228.2,228.6,1
게,228.6,228.7,1
세,228.7,229.7,1
번째로,229.7,230.2,1
창업지원교육,230.2,232.1,1
제기를,232.1,233.6,1
아우르는,233.6,234.1,1
통합,234.1,235.3,1
지원,235.3,235.8,1
체계를,235.8,236.2,1
구축하는,236.2,236.7,1
것이,236.7,237.1,1
네,237.1,238.4,1
번째로,238.4,238.7,1
가맹본부,238.7,239.6,1
가맹점주가,239.8,241.0,1
4,241.0,241.7,1
2,241.7,242.1,1
0,242.1,242.8,1
0,242.8,243.0,1
4,243.0,243.8,1
프랜차이즈,243.8,244.5,1
육성,244.5,244.9,1
등을,244.9,245.2,1
통해서,245.2,245.5,1
골목상권을,245.5,246.9,1
지키고,246.9,247.4,1
상생협력,247.4,248.6,1
문화를,248.6,249.4,1
문화를,249.4,250.2,1
확산해,250.2,250.9,1
나가는,250.9,251.3,1
것이,251.3,251.5,1
다섯,251.5,252.8,1
번째로,252.8,253.2,1
자영업자에,253.2,254.5,1
대한,254.5,255.0,1
사회적,255.0,255.6,1
안전망을,255.6,256.9,1
확대해,256.9,258.0,1
나가는,258.0,258.4,1
것이다.,258.4,258.9,1
혁신과.,258.9,262.0,1
통장은,0.0,0.6,1
함께,0.6,1.0,1
잘,1.0,1.2,1
사는,1.2,1.6,1
혁신적포용국가,1.6,2.4,1
로,2.4,3.2,1
나와,3.2,3.5,1
가지고,3.5,3.9,1
위한,3.9,4.2,1
핵심,4.2,4.5,1
과제,4.5,5.2,1
중에,5.2,5.4,1
하나입니다,5.4,5.8,1
저희,5.8,7.5,1
더불어민주당은,7.5,8.3,1
오늘,8.3,8.8,1
발표한,8.8,9.4,1
대책이,9.4,10.0,1
차질,10.0,11.0,1
없이,11.0,11.2,1
집행되도록,11.2,11.9,1
만전을,11.9,12.9,1
기하겠습니다,12.9,13.4,1
집행을,13.4,15.5,1
위한,15.5,15.8,1
범부처,15.8,16.6,1
간,16.6,16.8,1
또,16.8,18.6,1
당정,18.6,19.1,1
감,19.1,19.4,1
협업체계를,19.4,21.4,1
잘,21.4,22.1,1
구축하고,22.1,22.9,1
무엇보다도,22.9,24.2,1
현장에서,24.2,25.1,1
실질적으로,25.1,25.9,1
성과가,25.9,26.6,1
날,26.6,26.9,1
때까지,26.9,27.5,1
끈질기게,27.5,28.8,1
그렇게,28.8,29.7,1
점검하고,29.7,30.5,1
실행하겠다는,30.5,31.7,1
말씀드리고,31.7,32.5,1
이를,32.5,35.4,1
위해서,35.4,35.7,1
과제들은,35.7,37.2,1
야당과,37.2,38.4,1
김미라,38.4,38.8,1
기흥역에서,38.8,39.3,1
조속히,39.3,40.8,1
입법절차를,40.8,42.0,1
마무리,42.0,42.9,1
짓겠습니다,42.9,43.2,1
강릉펜션사고,43.2,46.2,1
에,46.2,46.7,1
대해서,46.7,47.1,1
말씀,47.1,47.4,1
드리겠습니다,47.4,47.5,1
먼저,47.5,48.5,1
안타까운,48.5,49.3,1
사고로,49.3,49.7,1
미생,49.7,50.5,1
뱀,50.5,50.7,1
학생들의,50.7,51.3,1
명복을,51.3,51.8,1
빌고,51.8,52.1,1
빌게,52.1,53.8,1
깊은,53.8,54.4,1
위로의,54.4,54.4,1
말씀을,54.4,55.2,1
드립니다,55.2,55.5,1
현재,55.5,57.1,1
병원에,57.1,57.3,1
입원,57.3,58.0,1
중인,58.0,58.6,1
학생들이,58.6,59.3,1
빨리,59.3,59.7,1
와,59.7,59.9,1
통장은,0.0,0.6,1
함께,0.6,1.0,1
잘,1.0,1.2,1
사는,1.2,1.6,1
혁신적포용국가,1.6,2.4,1
로,2.4,3.2,1
나와,3.2,3.5,1
가지고,3.5,3.9,1
위한,3.9,4.2,1
핵심,4.2,4.5,1
과제,4.5,5.2,1
중에,5.2,5.4,1
하나입니다,5.4,5.8,1
저희,5.8,7.5,1
더불어민주당은,7.5,8.3,1
오늘,8.3,8.8,1
발표한,8.8,9.4,1
대책이,9.4,10.0,1
차질,10.0,11.0,1
없이,11.0,11.2,1
집행되도록,11.2,11.9,1
만전을,11.9,12.9,1
기하겠습니다,12.9,13.4,1
집행을,13.4,15.5,1
위한,15.5,15.8,1
범부처,15.8,16.6,1
간,16.6,16.8,1
또,16.8,18.6,1
당정,18.6,19.1,1
감,19.1,19.4,1
협업체계를,19.4,21.4,1
잘,21.4,22.1,1
구축하고,22.1,22.9,1
무엇보다도,22.9,24.2,1
현장에서,24.2,25.1,1
실질적으로,25.1,25.9,1
성과가,25.9,26.6,1
날,26.6,26.9,1
때까지,26.9,27.5,1
끈질기게,27.5,28.8,1
그렇게,28.8,29.7,1
점검하고,29.7,30.5,1
실행하겠다는,30.5,31.7,1
말씀드리고,31.7,32.5,1
이를,32.5,35.4,1
위해서,35.4,35.7,1
과제들은,35.7,37.2,1
야당과,37.2,38.4,1
김미라,38.4,38.8,1
기흥역에서,38.8,39.3,1
조속히,39.3,40.8,1
입법절차를,40.8,42.0,1
마무리,42.0,42.9,1
짓겠습니다,42.9,43.2,1
강릉펜션사고,43.2,46.2,1
에,46.2,46.7,1
대해서,46.7,47.1,1
말씀,47.1,47.4,1
드리겠습니다,47.4,47.5,1
먼저,47.5,48.5,1
안타까운,48.5,49.3,1
사고로,49.3,49.7,1
미생,49.7,50.5,1
뱀,50.5,50.7,1
학생들의,50.7,51.3,1
명복을,51.3,51.8,1
빌고,51.8,52.1,1
빌게,52.1,53.8,1
깊은,53.8,54.4,1
위로의,54.4,54.4,1
말씀을,54.4,55.2,1
드립니다,55.2,55.5,1
현재,55.5,57.1,1
병원에,57.1,57.3,1
입원,57.3,58.0,1
중인,58.0,58.6,1
학생들이,58.6,59.3,1
빨리,59.3,59.7,1
와,59.7,59.9,1
사랑하는,59.9,63.0,1
가족들,63.0,63.8,1
곁으로,63.8,64.5,1
돌아가기를,64.5,65.8,1
기원합니다,65.8,66.2,1
이번,66.2,67.9,1
사고의,67.9,68.9,1
잠정적인,68.9,69.9,1
원인은,69.9,70.3,1
보일러와,70.3,71.4,1
100개,71.4,72.9,1
연결,72.9,73.4,1
부위,73.4,73.6,1
문제로,73.6,74.1,1
인한,74.1,74.4,1
일산화탄소,74.4,75.8,1
노출입니다,75.8,78.9,1
학생들이,78.9,80.2,1
숙박했던,80.2,80.8,1
펜션에,80.8,81.6,1
가스누출경보기,81.6,83.2,1
가,83.2,83.4,1
설치,83.4,83.7,1
설치,83.7,84.2,1
되어,84.2,84.4,1
있지,84.4,84.7,1
않아,84.7,84.9,1
키웠습니다,84.9,86.8,1
펜션은,86.8,87.7,1
농어촌민박업,87.7,89.6,1
으로,89.6,89.8,1
분류되어서,89.8,90.4,1
가스누출경보기,90.4,91.8,1
설치의무가,91.8,92.6,1
없고,92.6,92.9,1
남방,92.9,94.0,1
안전점검항목,94.0,95.4,1
에서,95.4,95.9,1
빠져,95.9,96.2,1
있기,96.2,96.5,1
때문입니다,96.5,96.9,1
펜션,96.9,98.9,1
민박,98.9,99.2,1
시설의,99.2,100.0,1
안전관리실태,100.0,100.9,1
를,100.9,101.2,1
점검하고,101.2,101.9,1
제도개선방안,101.9,103.1,1
마련이,103.1,104.4,1
시급하다,104.4,105.5,1
고,105.5,105.5,1
판단됩니다,105.5,106.1,1
그리고,106.1,107.6,1
민박,107.6,108.6,1
시설에,108.6,109.0,1
대한,109.0,109.2,1
안전,109.2,110.2,1
대책을,110.2,110.8,1
마련하는,110.8,111.2,1
것이,111.2,111.5,1
그치지,111.5,112.0,1
않고,112.0,112.1,1
이번,112.1,112.9,1
기회에,112.9,113.3,1
다중이용시설,113.3,115.3,1
교통시설,115.3,116.3,1
산업,116.3,117.0,1
현장,117.0,117.5,1
국민이,117.5,118.2,1
생활하고,118.2,118.8,1
일하는,118.8,119.3,1
통장은,0.0,0.6,1
함께,0.6,1.0,1
잘,1.0,1.2,1
사는,1.2,1.6,1
혁신적포용국가,1.6,2.4,1
로,2.4,3.2,1
나와,3.2,3.5,1
가지고,3.5,3.9,1
위한,3.9,4.2,1
핵심,4.2,4.5,1
과제,4.5,5.2,1
중에,5.2,5.4,1
하나입니다,5.4,5.8,1
저희,5.8,7.5,1
더불어민주당은,7.5,8.3,1
오늘,8.3,8.8,1
발표한,8.8,9.4,1
대책이,9.4,10.0,1
차질,10.0,11.0,1
없이,11.0,11.2,1
집행되도록,11.2,11.9,1
만전을,11.9,12.9,1
기하겠습니다,12.9,13.4,1
집행을,13.4,15.5,1
위한,15.5,15.8,1
범부처,15.8,16.6,1
간,16.6,16.8,1
또,16.8,18.6,1
당정,18.6,19.1,1
감,19.1,19.4,1
협업체계를,19.4,21.4,1
잘,21.4,22.1,1
구축하고,22.1,22.9,1
무엇보다도,22.9,24.2,1
현장에서,24.2,25.1,1
실질적으로,25.1,25.9,1
성과가,25.9,26.6,1
날,26.6,26.9,1
때까지,26.9,27.5,1
끈질기게,27.5,28.8,1
그렇게,28.8,29.7,1
점검하고,29.7,30.5,1
실행하겠다는,30.5,31.7,1
말씀드리고,31.7,32.5,1
이를,32.5,35.4,1
위해서,35.4,35.7,1
과제들은,35.7,37.2,1
야당과,37.2,38.4,1
김미라,38.4,38.8,1
기흥역에서,38.8,39.3,1
조속히,39.3,40.8,1
입법절차를,40.8,42.0,1
마무리,42.0,42.9,1
짓겠습니다,42.9,43.2,1
강릉펜션사고,43.2,46.2,1
에,46.2,46.7,1
대해서,46.7,47.1,1
말씀,47.1,47.4,1
드리겠습니다,47.4,47.5,1
먼저,47.5,48.5,1
안타까운,48.5,49.3,1
사고로,49.3,49.7,1
미생,49.7,50.5,1
뱀,50.5,50.7,1
학생들의,50.7,51.3,1
명복을,51.3,51.8,1
빌고,51.8,52.1,1
빌게,52.1,53.8,1
깊은,53.8,54.4,1
위로의,54.4,54.4,1
말씀을,54.4,55.2,1
드립니다,55.2,55.5,1
현재,55.5,57.1,1
병원에,57.1,57.3,1
입원,57.3,58.0,1
중인,58.0,58.6,1
학생들이,58.6,59.3,1
빨리,59.3,59.7,1
와,59.7,59.9,1
사랑하는,59.9,63.0,1
가족들,63.0,63.8,1
곁으로,63.8,64.5,1
돌아가기를,64.5,65.8,1
기원합니다,65.8,66.2,1
이번,66.2,67.9,1
사고의,67.9,68.9,1
잠정적인,68.9,69.9,1
원인은,69.9,70.3,1
보일러와,70.3,71.4,1
100개,71.4,72.9,1
연결,72.9,73.4,1
부위,73.4,73.6,1
문제로,73.6,74.1,1
인한,74.1,74.4,1
일산화탄소,74.4,75.8,1
노출입니다,75.8,78.9,1
학생들이,78.9,80.2,1
숙박했던,80.2,80.8,1
펜션에,80.8,81.6,1
가스누출경보기,81.6,83.2,1
가,83.2,83.4,1
설치,83.4,83.7,1
설치,83.7,84.2,1
되어,84.2,84.4,1
있지,84.4,84.7,1
않아,84.7,84.9,1
키웠습니다,84.9,86.8,1
펜션은,86.8,87.7,1
농어촌민박업,87.7,89.6,1
으로,89.6,89.8,1
분류되어서,89.8,90.4,1
가스누출경보기,90.4,91.8,1
설치의무가,91.8,92.6,1
없고,92.6,92.9,1
남방,92.9,94.0,1
안전점검항목,94.0,95.4,1
에서,95.4,95.9,1
빠져,95.9,96.2,1
있기,96.2,96.5,1
때문입니다,96.5,96.9,1
펜션,96.9,98.9,1
민박,98.9,99.2,1
시설의,99.2,100.0,1
안전관리실태,100.0,100.9,1
를,100.9,101.2,1
점검하고,101.2,101.9,1
제도개선방안,101.9,103.1,1
마련이,103.1,104.4,1
시급하다,104.4,105.5,1
고,105.5,105.5,1
판단됩니다,105.5,106.1,1
그리고,106.1,107.6,1
민박,107.6,108.6,1
시설에,108.6,109.0,1
대한,109.0,109.2,1
안전,109.2,110.2,1
대책을,110.2,110.8,1
마련하는,110.8,111.2,1
것이,111.2,111.5,1
그치지,111.5,112.0,1
않고,112.0,112.1,1
이번,112.1,112.9,1
기회에,112.9,113.3,1
다중이용시설,113.3,115.3,1
교통시설,115.3,116.3,1
산업,116.3,117.0,1
현장,117.0,117.5,1
국민이,117.5,118.2,1
생활하고,118.2,118.8,1
일하는,118.8,119.3,1
시설과,119.9,120.5,1
공간에,120.5,121.0,1
대해서,121.0,121.4,1
안전관리실태,121.4,122.8,1
전반을,122.8,123.7,1
점검하고,123.7,124.4,1
개선,124.4,125.1,1
방안을,125.1,125.6,1
마련하는,125.6,126.1,1
것이,126.1,126.7,1
시급한,126.7,128.4,1
과제입니다.,128.4,129.6,1
최근,129.6,130.8,1
발생한,130.8,131.1,1
사고들의,131.1,131.9,1
거울,131.9,132.3,1
삼아서,132.3,132.7,1
안전에,132.7,133.6,1
사각지대에,133.6,134.3,1
놓인,134.3,134.6,1
각종,134.6,135.7,1
위험요소들을,135.7,136.6,1
면밀하게,136.6,137.6,1
살펴보고,137.6,138.5,1
종합적인,138.5,139.1,1
대책을,139.1,139.7,1
수입,139.7,140.0,1
하겠습니다.,140.0,140.5,1
정부와,140.5,141.9,1
긴밀한,141.9,142.6,1
협의를,142.6,142.8,1
통해서,142.8,143.3,1
안전과,143.3,144.5,1
관련된,144.5,145.0,1
정책들을,145.0,146.5,1
다시,146.5,146.8,1
한번,146.8,147.2,1
재정비하고,147.2,148.0,1
법개정이,148.0,149.3,1
필요한,149.3,149.8,1
사항은,149.8,150.2,1
조속한,150.2,150.8,1
시일,150.8,151.1,1
내에,151.1,151.3,1
마무리,151.3,151.4,1
짓겠습니다.,151.4,151.9,1
그리고,151.9,153.2,1
올해,153.2,153.4,1
초에,153.4,153.7,1
발표한,153.7,154.3,1
바,154.3,154.4,1
있는,154.4,154.8,1
국민생명지키기,154.8,156.1,1
3대,156.1,157.1,1
프로젝트,157.1,157.7,1
진행,157.7,158.1,1
상황,158.1,158.5,1
상황.,158.5,159.1,1
다시,159.1,159.9,1
한번,159.9,160.3,1
몇,160.3,160.4,1
미리,160.4,160.7,1
점검하도록,160.7,161.7,1
하겠습니다.,161.7,161.8,1
무엇보다도,161.8,163.7,1
정부의,163.7,164.3,1
대책이,164.3,164.8,1
사후약방문,164.8,166.5,1
되지,166.5,166.8,1
않도록,166.8,167.1,1
선제적으로,167.1,167.8,1
서치에서,167.8,168.5,1
사고를,168.5,169.6,1
예방해야,169.6,170.3,1
하겠습니다.,170.3,170.9,1
통장은,0.0,0.6,1
함께,0.6,1.0,1
잘,1.0,1.2,1
사는,1.2,1.6,1
혁신적포용국가,1.6,2.4,1
로,2.4,3.2,1
나와,3.2,3.5,1
가지고,3.5,3.9,1
위한,3.9,4.2,1
핵심,4.2,4.5,1
과제,4.5,5.2,1
중에,5.2,5.4,1
하나입니다,5.4,5.8,1
저희,5.8,7.5,1
더불어민주당은,7.5,8.3,1
오늘,8.3,8.8,1
발표한,8.8,9.4,1
대책이,9.4,10.0,1
차질,10.0,11.0,1
없이,11.0,11.2,1
집행되도록,11.2,11.9,1
만전을,11.9,12.9,1
기하겠습니다,12.9,13.4,1
집행을,13.4,15.5,1
위한,15.5,15.8,1
범부처,15.8,16.6,1
간,16.6,16.8,1
또,16.8,18.6,1
당정,18.6,19.1,1
감,19.1,19.4,1
협업체계를,19.4,21.4,1
잘,21.4,22.1,1
구축하고,22.1,22.9,1
무엇보다도,22.9,24.2,1
현장에서,24.2,25.1,1
실질적으로,25.1,25.9,1
성과가,25.9,26.6,1
날,26.6,26.9,1
때까지,26.9,27.5,1
끈질기게,27.5,28.8,1
그렇게,28.8,29.7,1
점검하고,29.7,30.5,1
실행하겠다는,30.5,31.7,1
말씀드리고,31.7,32.5,1
이를,32.5,35.4,1
위해서,35.4,35.7,1
과제들은,35.7,37.2,1
야당과,37.2,38.4,1
김미라,38.4,38.8,1
기흥역에서,38.8,39.3,1
조속히,39.3,40.8,1
입법절차를,40.8,42.0,1
마무리,42.0,42.9,1
짓겠습니다,42.9,43.2,1
강릉펜션사고,43.2,46.2,1
에,46.2,46.7,1
대해서,46.7,47.1,1
말씀,47.1,47.4,1
드리겠습니다,47.4,47.5,1
먼저,47.5,48.5,1
안타까운,48.5,49.3,1
사고로,49.3,49.7,1
미생,49.7,50.5,1
뱀,50.5,50.7,1
학생들의,50.7,51.3,1
명복을,51.3,51.8,1
빌고,51.8,52.1,1
빌게,52.1,53.8,1
깊은,53.8,54.4,1
위로의,54.4,54.4,1
말씀을,54.4,55.2,1
드립니다,55.2,55.5,1
현재,55.5,57.1,1
병원에,57.1,57.3,1
입원,57.3,58.0,1
중인,58.0,58.6,1
학생들이,58.6,59.3,1
빨리,59.3,59.7,1
와,59.7,59.9,1
사랑하는,59.9,63.0,1
가족들,63.0,63.8,1
곁으로,63.8,64.5,1
돌아가기를,64.5,65.8,1
기원합니다,65.8,66.2,1
이번,66.2,67.9,1
사고의,67.9,68.9,1
잠정적인,68.9,69.9,1
원인은,69.9,70.3,1
보일러와,70.3,71.4,1
100개,71.4,72.9,1
연결,72.9,73.4,1
부위,73.4,73.6,1
문제로,73.6,74.1,1
인한,74.1,74.4,1
일산화탄소,74.4,75.8,1
노출입니다,75.8,78.9,1
학생들이,78.9,80.2,1
숙박했던,80.2,80.8,1
펜션에,80.8,81.6,1
가스누출경보기,81.6,83.2,1
가,83.2,83.4,1
설치,83.4,83.7,1
설치,83.7,84.2,1
되어,84.2,84.4,1
있지,84.4,84.7,1
않아,84.7,84.9,1
키웠습니다,84.9,86.8,1
펜션은,86.8,87.7,1
농어촌민박업,87.7,89.6,1
으로,89.6,89.8,1
분류되어서,89.8,90.4,1
가스누출경보기,90.4,91.8,1
설치의무가,91.8,92.6,1
없고,92.6,92.9,1
남방,92.9,94.0,1
안전점검항목,94.0,95.4,1
에서,95.4,95.9,1
빠져,95.9,96.2,1
있기,96.2,96.5,1
때문입니다,96.5,96.9,1
펜션,96.9,98.9,1
민박,98.9,99.2,1
시설의,99.2,100.0,1
안전관리실태,100.0,100.9,1
를,100.9,101.2,1
점검하고,101.2,101.9,1
제도개선방안,101.9,103.1,1
마련이,103.1,104.4,1
시급하다,104.4,105.5,1
고,105.5,105.5,1
판단됩니다,105.5,106.1,1
그리고,106.1,107.6,1
민박,107.6,108.6,1
시설에,108.6,109.0,1
대한,109.0,109.2,1
안전,109.2,110.2,1
대책을,110.2,110.8,1
마련하는,110.8,111.2,1
것이,111.2,111.5,1
그치지,111.5,112.0,1
않고,112.0,112.1,1
이번,112.1,112.9,1
기회에,112.9,113.3,1
다중이용시설,113.3,115.3,1
교통시설,115.3,116.3,1
산업,116.3,117.0,1
현장,117.0,117.5,1
국민이,117.5,118.2,1
생활하고,118.2,118.8,1
일하는,118.8,119.3,1
시설과,119.9,120.5,1
공간에,120.5,121.0,1
대해서,121.0,121.4,1
안전관리실태,121.4,122.8,1
전반을,122.8,123.7,1
점검하고,123.7,124.4,1
개선,124.4,125.1,1
방안을,125.1,125.6,1
마련하는,125.6,126.1,1
것이,126.1,126.7,1
시급한,126.7,128.4,1
과제입니다.,128.4,129.6,1
최근,129.6,130.8,1
발생한,130.8,131.1,1
사고들의,131.1,131.9,1
거울,131.9,132.3,1
삼아서,132.3,132.7,1
안전에,132.7,133.6,1
사각지대에,133.6,134.3,1
놓인,134.3,134.6,1
각종,134.6,135.7,1
위험요소들을,135.7,136.6,1
면밀하게,136.6,137.6,1
살펴보고,137.6,138.5,1
종합적인,138.5,139.1,1
대책을,139.1,139.7,1
수입,139.7,140.0,1
하겠습니다.,140.0,140.5,1
정부와,140.5,141.9,1
긴밀한,141.9,142.6,1
협의를,142.6,142.8,1
통해서,142.8,143.3,1
안전과,143.3,144.5,1
관련된,144.5,145.0,1
정책들을,145.0,146.5,1
다시,146.5,146.8,1
한번,146.8,147.2,1
재정비하고,147.2,148.0,1
법개정이,148.0,149.3,1
필요한,149.3,149.8,1
사항은,149.8,150.2,1
조속한,150.2,150.8,1
시일,150.8,151.1,1
내에,151.1,151.3,1
마무리,151.3,151.4,1
짓겠습니다.,151.4,151.9,1
그리고,151.9,153.2,1
올해,153.2,153.4,1
초에,153.4,153.7,1
발표한,153.7,154.3,1
바,154.3,154.4,1
있는,154.4,154.8,1
국민생명지키기,154.8,156.1,1
3대,156.1,157.1,1
프로젝트,157.1,157.7,1
진행,157.7,158.1,1
상황,158.1,158.5,1
상황.,158.5,159.1,1
다시,159.1,159.9,1
한번,159.9,160.3,1
몇,160.3,160.4,1
미리,160.4,160.7,1
점검하도록,160.7,161.7,1
하겠습니다.,161.7,161.8,1
무엇보다도,161.8,163.7,1
정부의,163.7,164.3,1
대책이,164.3,164.8,1
사후약방문,164.8,166.5,1
되지,166.5,166.8,1
않도록,166.8,167.1,1
선제적으로,167.1,167.8,1
서치에서,167.8,168.5,1
사고를,168.5,169.6,1
예방해야,169.6,170.3,1
하겠습니다.,170.3,170.9,1
당과,172.8,175.3,1
정부는,175.3,175.7,1
국민안전의,175.7,177.0,1
최우선의,177.0,177.9,1
가치를,177.9,178.4,1
들고,178.4,178.8,1
안전한,178.8,180.2,1
대한민국을,180.2,180.9,1
만들기에,180.9,181.5,1
최선을,181.5,181.6,1
다,181.6,182.0,1
하겠습니다.,182.0,182.4,1
오늘,182.4,185.9,1
축구,185.9,186.2,1
대표,186.2,186.5,1
바람이,186.5,186.9,1
됐습니다.,186.9,187.5,1
청와대,187.5,191.5,1
검찰로,191.5,194.5,1
b62,194.5,195.6,1
있어서,195.6,196.0,1
부피식,196.0,196.7,1
특별감찰반원,196.7,198.7,1
한마디에,198.7,199.7,1
야당이,199.7,200.7,1
출석하며,200.7,202.1,1
국기문란,202.1,203.0,1
진상조사단을,203.0,204.1,1
뿌린다는,204.1,204.7,1
뚱,204.7,205.0,1
행위를,205.0,205.7,1
하고,205.7,206.0,1
있습니다.,206.0,206.4,1
야당에게,206.4,207.7,1
축구,207.7,208.4,1
합니다.,208.4,208.6,1
기록으로,208.6,210.5,1
검찰이,210.5,210.9,1
복귀한,210.9,211.3,1
특별,211.3,211.6,1
감찰,211.6,212.4,1
받은,212.4,212.7,1
한마디에,212.7,213.6,1
정치공세를,213.6,215.1,1
하는,215.1,215.4,1
행위를,215.4,216.3,1
즉각,216.3,217.1,1
중단해야,217.1,218.0,1
할,218.0,218.3,1
것입니다.,218.3,218.9,1
청와대에,218.9,221.5,1
파견나온,221.5,222.2,1
특별감찰반원,222.2,224.2,1
김태우,224.2,225.5,1
수사관이,225.5,226.0,1
비위사실이,226.0,227.4,1
있어서,227.4,227.7,1
소속,227.7,228.1,1
중으로,228.1,228.4,1
다시,228.4,229.1,1
돌려,229.1,229.7,1
보내,229.7,229.9,1
주고,229.9,230.2,1
거기에,230.2,230.9,1
징계를,230.9,231.5,1
요청한.,231.5,232.5,1
통장은,0.0,0.6,1
함께,0.6,1.0,1
잘,1.0,1.2,1
사는,1.2,1.6,1
혁신적포용국가,1.6,2.4,1
로,2.4,3.2,1
나와,3.2,3.5,1
가지고,3.5,3.9,1
위한,3.9,4.2,1
핵심,4.2,4.5,1
과제,4.5,5.2,1
중에,5.2,5.4,1
하나입니다,5.4,5.8,1
저희,5.8,7.5,1
더불어민주당은,7.5,8.3,1
오늘,8.3,8.8,1
발표한,8.8,9.4,1
대책이,9.4,10.0,1
차질,10.0,11.0,1
없이,11.0,11.2,1
집행되도록,11.2,11.9,1
만전을,11.9,12.9,1
기하겠습니다,12.9,13.4,1
집행을,13.4,15.5,1
위한,15.5,15.8,1
범부처,15.8,16.6,1
간,16.6,16.8,1
또,16.8,18.6,1
당정,18.6,19.1,1
감,19.1,19.4,1
협업체계를,19.4,21.4,1
잘,21.4,22.1,1
구축하고,22.1,22.9,1
무엇보다도,22.9,24.2,1
현장에서,24.2,25.1,1
실질적으로,25.1,25.9,1
성과가,25.9,26.6,1
날,26.6,26.9,1
때까지,26.9,27.5,1
끈질기게,27.5,28.8,1
그렇게,28.8,29.7,1
점검하고,29.7,30.5,1
실행하겠다는,30.5,31.7,1
말씀드리고,31.7,32.5,1
이를,32.5,35.4,1
위해서,35.4,35.7,1
과제들은,35.7,37.2,1
야당과,37.2,38.4,1
김미라,38.4,38.8,1
기흥역에서,38.8,39.3,1
조속히,39.3,40.8,1
입법절차를,40.8,42.0,1
마무리,42.0,42.9,1
짓겠습니다,42.9,43.2,1
강릉펜션사고,43.2,46.2,1
에,46.2,46.7,1
대해서,46.7,47.1,1
말씀,47.1,47.4,1
드리겠습니다,47.4,47.5,1
먼저,47.5,48.5,1
안타까운,48.5,49.3,1
사고로,49.3,49.7,1
미생,49.7,50.5,1
뱀,50.5,50.7,1
학생들의,50.7,51.3,1
명복을,51.3,51.8,1
빌고,51.8,52.1,1
빌게,52.1,53.8,1
깊은,53.8,54.4,1
위로의,54.4,54.4,1
말씀을,54.4,55.2,1
드립니다,55.2,55.5,1
현재,55.5,57.1,1
병원에,57.1,57.3,1
입원,57.3,58.0,1
중인,58.0,58.6,1
학생들이,58.6,59.3,1
빨리,59.3,59.7,1
와,59.7,59.9,1
사랑하는,59.9,63.0,1
가족들,63.0,63.8,1
곁으로,63.8,64.5,1
돌아가기를,64.5,65.8,1
기원합니다,65.8,66.2,1
이번,66.2,67.9,1
사고의,67.9,68.9,1
잠정적인,68.9,69.9,1
원인은,69.9,70.3,1
보일러와,70.3,71.4,1
100개,71.4,72.9,1
연결,72.9,73.4,1
부위,73.4,73.6,1
문제로,73.6,74.1,1
인한,74.1,74.4,1
일산화탄소,74.4,75.8,1
노출입니다,75.8,78.9,1
학생들이,78.9,80.2,1
숙박했던,80.2,80.8,1
펜션에,80.8,81.6,1
가스누출경보기,81.6,83.2,1
가,83.2,83.4,1
설치,83.4,83.7,1
설치,83.7,84.2,1
되어,84.2,84.4,1
있지,84.4,84.7,1
않아,84.7,84.9,1
키웠습니다,84.9,86.8,1
펜션은,86.8,87.7,1
농어촌민박업,87.7,89.6,1
으로,89.6,89.8,1
분류되어서,89.8,90.4,1
가스누출경보기,90.4,91.8,1
설치의무가,91.8,92.6,1
없고,92.6,92.9,1
남방,92.9,94.0,1
안전점검항목,94.0,95.4,1
에서,95.4,95.9,1
빠져,95.9,96.2,1
있기,96.2,96.5,1
때문입니다,96.5,96.9,1
펜션,96.9,98.9,1
민박,98.9,99.2,1
시설의,99.2,100.0,1
안전관리실태,100.0,100.9,1
를,100.9,101.2,1
점검하고,101.2,101.9,1
제도개선방안,101.9,103.1,1
마련이,103.1,104.4,1
시급하다,104.4,105.5,1
고,105.5,105.5,1
판단됩니다,105.5,106.1,1
그리고,106.1,107.6,1
민박,107.6,108.6,1
시설에,108.6,109.0,1
대한,109.0,109.2,1
안전,109.2,110.2,1
대책을,110.2,110.8,1
마련하는,110.8,111.2,1
것이,111.2,111.5,1
그치지,111.5,112.0,1
않고,112.0,112.1,1
이번,112.1,112.9,1
기회에,112.9,113.3,1
다중이용시설,113.3,115.3,1
교통시설,115.3,116.3,1
산업,116.3,117.0,1
현장,117.0,117.5,1
국민이,117.5,118.2,1
생활하고,118.2,118.8,1
일하는,118.8,119.3,1
시설과,119.9,120.5,1
공간에,120.5,121.0,1
대해서,121.0,121.4,1
안전관리실태,121.4,122.8,1
전반을,122.8,123.7,1
점검하고,123.7,124.4,1
개선,124.4,125.1,1
방안을,125.1,125.6,1
마련하는,125.6,126.1,1
것이,126.1,126.7,1
시급한,126.7,128.4,1
과제입니다.,128.4,129.6,1
최근,129.6,130.8,1
발생한,130.8,131.1,1
사고들의,131.1,131.9,1
거울,131.9,132.3,1
삼아서,132.3,132.7,1
안전에,132.7,133.6,1
사각지대에,133.6,134.3,1
놓인,134.3,134.6,1
각종,134.6,135.7,1
위험요소들을,135.7,136.6,1
면밀하게,136.6,137.6,1
살펴보고,137.6,138.5,1
종합적인,138.5,139.1,1
대책을,139.1,139.7,1
수입,139.7,140.0,1
하겠습니다.,140.0,140.5,1
정부와,140.5,141.9,1
긴밀한,141.9,142.6,1
협의를,142.6,142.8,1
통해서,142.8,143.3,1
안전과,143.3,144.5,1
관련된,144.5,145.0,1
정책들을,145.0,146.5,1
다시,146.5,146.8,1
한번,146.8,147.2,1
재정비하고,147.2,148.0,1
법개정이,148.0,149.3,1
필요한,149.3,149.8,1
사항은,149.8,150.2,1
조속한,150.2,150.8,1
시일,150.8,151.1,1
내에,151.1,151.3,1
마무리,151.3,151.4,1
짓겠습니다.,151.4,151.9,1
그리고,151.9,153.2,1
올해,153.2,153.4,1
초에,153.4,153.7,1
발표한,153.7,154.3,1
바,154.3,154.4,1
있는,154.4,154.8,1
국민생명지키기,154.8,156.1,1
3대,156.1,157.1,1
프로젝트,157.1,157.7,1
진행,157.7,158.1,1
상황,158.1,158.5,1
상황.,158.5,159.1,1
다시,159.1,159.9,1
한번,159.9,160.3,1
몇,160.3,160.4,1
미리,160.4,160.7,1
점검하도록,160.7,161.7,1
하겠습니다.,161.7,161.8,1
무엇보다도,161.8,163.7,1
정부의,163.7,164.3,1
대책이,164.3,164.8,1
사후약방문,164.8,166.5,1
되지,166.5,166.8,1
않도록,166.8,167.1,1
선제적으로,167.1,167.8,1
서치에서,167.8,168.5,1
사고를,168.5,169.6,1
예방해야,169.6,170.3,1
하겠습니다.,170.3,170.9,1
당과,172.8,175.3,1
정부는,175.3,175.7,1
국민안전의,175.7,177.0,1
최우선의,177.0,177.9,1
가치를,177.9,178.4,1
들고,178.4,178.8,1
안전한,178.8,180.2,1
대한민국을,180.2,180.9,1
만들기에,180.9,181.5,1
최선을,181.5,181.6,1
다,181.6,182.0,1
하겠습니다.,182.0,182.4,1
오늘,182.4,185.9,1
축구,185.9,186.2,1
대표,186.2,186.5,1
바람이,186.5,186.9,1
됐습니다.,186.9,187.5,1
청와대,187.5,191.5,1
검찰로,191.5,194.5,1
b62,194.5,195.6,1
있어서,195.6,196.0,1
부피식,196.0,196.7,1
특별감찰반원,196.7,198.7,1
한마디에,198.7,199.7,1
야당이,199.7,200.7,1
출석하며,200.7,202.1,1
국기문란,202.1,203.0,1
진상조사단을,203.0,204.1,1
뿌린다는,204.1,204.7,1
뚱,204.7,205.0,1
행위를,205.0,205.7,1
하고,205.7,206.0,1
있습니다.,206.0,206.4,1
야당에게,206.4,207.7,1
축구,207.7,208.4,1
합니다.,208.4,208.6,1
기록으로,208.6,210.5,1
검찰이,210.5,210.9,1
복귀한,210.9,211.3,1
특별,211.3,211.6,1
감찰,211.6,212.4,1
받은,212.4,212.7,1
한마디에,212.7,213.6,1
정치공세를,213.6,215.1,1
하는,215.1,215.4,1
행위를,215.4,216.3,1
즉각,216.3,217.1,1
중단해야,217.1,218.0,1
할,218.0,218.3,1
것입니다.,218.3,218.9,1
청와대에,218.9,221.5,1
파견나온,221.5,222.2,1
특별감찰반원,222.2,224.2,1
김태우,224.2,225.5,1
수사관이,225.5,226.0,1
비위사실이,226.0,227.4,1
있어서,227.4,227.7,1
소속,227.7,228.1,1
중으로,228.1,228.4,1
다시,228.4,229.1,1
돌려,229.1,229.7,1
보내,229.7,229.9,1
주고,229.9,230.2,1
거기에,230.2,230.9,1
징계를,230.9,231.5,1
요청한.,231.5,232.5,1
사랑입니다,232.8,233.6,1
이,233.6,235.7,1
김태우,235.7,236.3,1
오감찰바,236.3,236.8,1
너는,236.8,237.3,1
이미,237.3,238.5,1
나왔던,238.5,238.9,1
기사들을,238.9,239.4,1
재탕하면서,239.4,240.2,1
촛불,240.2,240.9,1
하고,240.9,241.1,1
올리고,241.1,241.6,1
2017년,241.6,243.2,1
7월에,243.2,243.5,1
올렸던,243.5,243.9,1
내용,243.9,244.5,1
때문에,244.5,244.7,1
자신이,244.7,245.6,1
정치적으로,245.6,246.2,1
내비쳤다는,246.2,247.2,1
얼토당토않은,247.2,248.6,1
주장을,248.6,249.1,1
하고,249.1,249.5,1
있습니다,249.5,250.0,1
이,250.0,250.7,1
김태우,250.7,251.2,1
수사관은,251.2,251.8,1
관계자,251.8,253.1,1
하고,253.1,253.3,1
자기,253.3,253.7,1
뒤를,253.7,254.1,1
밀어주는,254.1,254.6,1
업자,254.6,255.1,1
인지는,255.1,255.5,1
모르겠으나,255.5,256.0,1
관계,256.0,256.8,1
청와대,256.8,258.4,1
근무,258.4,258.7,1
시간에,258.7,259.1,1
골프를,259.1,259.7,1
쳤습니다,259.7,260.3,1
업자가격,260.3,261.8,1
수원,0.0,0.4,1
되는,0.4,0.7,1
날,0.7,0.9,1
경찰청을,0.9,2.2,1
직접,2.2,3.0,1
방문해서,3.0,3.5,1
수사,3.5,4.2,1
내용들을,4.2,4.8,1
확인했습니다,4.8,5.9,1
그리고,5.9,6.8,1
이강철,6.8,7.5,1
대상들과,7.5,8.0,1
주고,8.0,8.8,1
받은,8.8,9.1,1
문자,9.1,9.4,1
등이,9.4,9.9,1
있었고,9.9,10.7,1
이런,10.7,11.1,1
내용들을,11.1,11.5,1
밝혀진,11.5,13.1,1
내용입니다,13.1,13.8,1
또다시,13.8,14.6,1
김태우,14.6,15.1,1
에,15.1,15.2,1
대한,15.2,15.6,1
의혹들이,15.6,16.3,1
나오고,16.3,16.7,1
있습니다,16.7,16.8,1
유착의,16.8,18.4,1
시민은,18.4,19.0,1
건설업자에게,19.0,20.1,1
명절,20.1,21.0,1
때마다,21.0,21.3,1
대통령님을,21.3,22.7,1
선물을,22.7,23.5,1
있다는,23.5,24.6,1
겁니다,24.6,24.8,1
김태우,24.8,26.0,1
특별감찰반원,26.0,27.1,1
2kg,27.1,27.9,1
가,27.9,28.1,1
넘긴,28.1,28.5,1
최고로,28.5,28.8,1
사입을,28.8,29.8,1
추구했다는,29.8,30.5,1
역으로,30.5,31.0,1
수사를,31.0,31.8,1
받고,31.8,32.1,1
있기도,32.1,33.0,1
합니다,33.0,33.3,1
일부,33.3,34.7,1
언론은,34.7,35.1,1
민간,35.1,35.9,1
사철에,35.9,36.4,1
청와대가,36.4,36.9,1
저장한,36.9,37.4,1
것,37.4,37.5,1
아니냐,37.5,37.9,1
이런,37.9,38.4,1
이야기하는데,38.4,39.2,1
민간인,39.2,40.3,1
사찰,40.3,41.0,1
이라고,41.0,41.3,1
하는,41.3,41.5,1
것은,41.5,41.8,1
어떤,41.8,42.4,1
것인지,42.4,42.9,1
여러분께,42.9,43.7,1
오늘,43.7,44.0,1
이,44.0,44.3,1
표를,44.3,44.7,1
제공해,44.7,45.4,1
드리도록,45.4,46.0,1
하겠습니다,46.0,46.5,1
사찰들이,46.5,48.8,1
어떤,48.8,49.5,1
것이,49.5,49.7,1
맞는지,49.7,50.0,1
이,50.0,50.5,1
내용에,50.5,51.0,1
정확히,51.0,51.8,1
나와,51.8,52.1,1
있습니다,52.1,52.5,1
다시,52.5,53.6,1
한번,53.6,53.6,1
말씀,53.6,54.2,1
드리면,54.2,54.6,1
4대강,54.6,55.7,1
반대세력을,55.7,57.0,1
방해하고,57.0,58.7,1
기업홍보,58.7,59.9,1
수원,0.0,0.4,1
되는,0.4,0.7,1
날,0.7,0.9,1
경찰청을,0.9,2.2,1
직접,2.2,3.0,1
방문해서,3.0,3.5,1
수사,3.5,4.2,1
내용들을,4.2,4.8,1
확인했습니다,4.8,5.9,1
그리고,5.9,6.8,1
이강철,6.8,7.5,1
대상들과,7.5,8.0,1
주고,8.0,8.8,1
받은,8.8,9.1,1
문자,9.1,9.4,1
등이,9.4,9.9,1
있었고,9.9,10.7,1
이런,10.7,11.1,1
내용들을,11.1,11.5,1
밝혀진,11.5,13.1,1
내용입니다,13.1,13.8,1
또다시,13.8,14.6,1
김태우,14.6,15.1,1
에,15.1,15.2,1
대한,15.2,15.6,1
의혹들이,15.6,16.3,1
나오고,16.3,16.7,1
있습니다,16.7,16.8,1
유착의,16.8,18.4,1
시민은,18.4,19.0,1
건설업자에게,19.0,20.1,1
명절,20.1,21.0,1
때마다,21.0,21.3,1
대통령님을,21.3,22.7,1
선물을,22.7,23.5,1
있다는,23.5,24.6,1
겁니다,24.6,24.8,1
김태우,24.8,26.0,1
특별감찰반원,26.0,27.1,1
2kg,27.1,27.9,1
가,27.9,28.1,1
넘긴,28.1,28.5,1
최고로,28.5,28.8,1
사입을,28.8,29.8,1
추구했다는,29.8,30.5,1
역으로,30.5,31.0,1
수사를,31.0,31.8,1
받고,31.8,32.1,1
있기도,32.1,33.0,1
합니다,33.0,33.3,1
일부,33.3,34.7,1
언론은,34.7,35.1,1
민간,35.1,35.9,1
사철에,35.9,36.4,1
청와대가,36.4,36.9,1
저장한,36.9,37.4,1
것,37.4,37.5,1
아니냐,37.5,37.9,1
이런,37.9,38.4,1
이야기하는데,38.4,39.2,1
민간인,39.2,40.3,1
사찰,40.3,41.0,1
이라고,41.0,41.3,1
하는,41.3,41.5,1
것은,41.5,41.8,1
어떤,41.8,42.4,1
것인지,42.4,42.9,1
여러분께,42.9,43.7,1
오늘,43.7,44.0,1
이,44.0,44.3,1
표를,44.3,44.7,1
제공해,44.7,45.4,1
드리도록,45.4,46.0,1
하겠습니다,46.0,46.5,1
사찰들이,46.5,48.8,1
어떤,48.8,49.5,1
것이,49.5,49.7,1
맞는지,49.7,50.0,1
이,50.0,50.5,1
내용에,50.5,51.0,1
정확히,51.0,51.8,1
나와,51.8,52.1,1
있습니다,52.1,52.5,1
다시,52.5,53.6,1
한번,53.6,53.6,1
말씀,53.6,54.2,1
드리면,54.2,54.6,1
4대강,54.6,55.7,1
반대세력을,55.7,57.0,1
방해하고,57.0,58.7,1
기업홍보,58.7,59.9,1
차단하고,59.9,61.4,1
환경단체,61.4,63.1,1
핵심인물,63.1,64.0,1
24명을,64.0,65.6,1
감찰하고,65.6,68.6,1
세무조사를,68.6,69.7,1
압박하고,69.7,70.7,1
우리가,70.7,71.4,1
kb,71.4,73.2,1
한마음,73.2,73.6,1
김종익,73.6,74.1,1
대표는,74.1,74.6,1
수시로,74.6,75.5,1
사채를,75.5,77.2,1
받아서,77.2,77.8,1
자살시도를,77.8,79.1,1
여러,79.1,79.3,1
번,79.3,79.5,1
했던,79.5,79.9,1
기억도,79.9,80.7,1
있습니다,80.7,81.1,1
그리고,81.1,81.8,1
기무사가,81.8,82.6,1
세월호,82.6,83.5,1
유가족,83.5,83.9,1
실종자,83.9,85.2,1
가족,85.2,85.6,1
단원구,85.6,86.4,1
학생들을,86.4,87.2,1
불법사찰,87.2,88.9,1
했던,88.9,89.3,1
내용들,89.3,89.8,1
이런,89.8,90.4,1
내용이,90.4,90.7,1
바로,90.7,91.1,1
과거,91.1,92.4,1
박근혜,92.4,93.0,1
정부에서,93.0,93.6,1
최순실,93.6,94.9,1
비선실세,94.9,95.8,1
국기문란,95.8,96.7,1
하면서,96.7,97.8,1
미뤄졌던,97.8,98.6,1
민간인,98.6,99.1,1
사찰,99.1,99.8,1
입니다,99.8,100.1,1
민간인,100.1,100.9,1
사찰이나,100.9,101.2,1
어떤,101.2,101.6,1
것인지,101.6,102.0,1
다시,102.0,102.5,1
한번,102.5,102.9,1
정확히,102.9,103.3,1
여러분이,103.3,104.4,1
파악하고,104.4,105.2,1
그리고,105.2,105.8,1
또,105.8,106.1,1
기사에,106.1,106.8,1
올려,106.8,107.3,1
주실,107.3,107.5,1
것을,107.5,107.9,1
당부드리며,107.9,108.7,1
써,108.7,108.9,1
언론은,108.9,109.9,1
자신들이,109.9,110.7,1
비,110.7,111.4,1
때문에,111.4,111.5,1
우리도,111.5,112.4,1
없이,112.4,112.8,1
할지,112.8,113.4,1
모른다,113.4,113.9,1
라고,113.9,114.5,1
하는,114.5,114.7,1
착각은,114.7,115.2,1
그만둘,115.2,116.0,1
것을,116.0,116.4,1
촉구합니다,116.4,117.0,1
이상입니다,117.0,118.1,1
수원,0.0,0.4,1
되는,0.4,0.7,1
날,0.7,0.9,1
경찰청을,0.9,2.2,1
직접,2.2,3.0,1
방문해서,3.0,3.5,1
수사,3.5,4.2,1
내용들을,4.2,4.8,1
확인했습니다,4.8,5.9,1
그리고,5.9,6.8,1
이강철,6.8,7.5,1
대상들과,7.5,8.0,1
주고,8.0,8.8,1
받은,8.8,9.1,1
문자,9.1,9.4,1
등이,9.4,9.9,1
있었고,9.9,10.7,1
이런,10.7,11.1,1
내용들을,11.1,11.5,1
밝혀진,11.5,13.1,1
내용입니다,13.1,13.8,1
또다시,13.8,14.6,1
김태우,14.6,15.1,1
에,15.1,15.2,1
대한,15.2,15.6,1
의혹들이,15.6,16.3,1
나오고,16.3,16.7,1
있습니다,16.7,16.8,1
유착의,16.8,18.4,1
시민은,18.4,19.0,1
건설업자에게,19.0,20.1,1
명절,20.1,21.0,1
때마다,21.0,21.3,1
대통령님을,21.3,22.7,1
선물을,22.7,23.5,1
있다는,23.5,24.6,1
겁니다,24.6,24.8,1
김태우,24.8,26.0,1
특별감찰반원,26.0,27.1,1
2kg,27.1,27.9,1
가,27.9,28.1,1
넘긴,28.1,28.5,1
최고로,28.5,28.8,1
사입을,28.8,29.8,1
추구했다는,29.8,30.5,1
역으로,30.5,31.0,1
수사를,31.0,31.8,1
받고,31.8,32.1,1
있기도,32.1,33.0,1
합니다,33.0,33.3,1
일부,33.3,34.7,1
언론은,34.7,35.1,1
민간,35.1,35.9,1
사철에,35.9,36.4,1
청와대가,36.4,36.9,1
저장한,36.9,37.4,1
것,37.4,37.5,1
아니냐,37.5,37.9,1
이런,37.9,38.4,1
이야기하는데,38.4,39.2,1
민간인,39.2,40.3,1
사찰,40.3,41.0,1
이라고,41.0,41.3,1
하는,41.3,41.5,1
것은,41.5,41.8,1
어떤,41.8,42.4,1
것인지,42.4,42.9,1
여러분께,42.9,43.7,1
오늘,43.7,44.0,1
이,44.0,44.3,1
표를,44.3,44.7,1
제공해,44.7,45.4,1
드리도록,45.4,46.0,1
하겠습니다,46.0,46.5,1
사찰들이,46.5,48.8,1
어떤,48.8,49.5,1
것이,49.5,49.7,1
맞는지,49.7,50.0,1
이,50.0,50.5,1
내용에,50.5,51.0,1
정확히,51.0,51.8,1
나와,51.8,52.1,1
있습니다,52.1,52.5,1
다시,52.5,53.6,1
한번,53.6,53.6,1
말씀,53.6,54.2,1
드리면,54.2,54.6,1
4대강,54.6,55.7,1
반대세력을,55.7,57.0,1
방해하고,57.0,58.7,1
기업홍보,58.7,59.9,1
차단하고,59.9,61.4,1
환경단체,61.4,63.1,1
핵심인물,63.1,64.0,1
24명을,64.0,65.6,1
감찰하고,65.6,68.6,1
세무조사를,68.6,69.7,1
압박하고,69.7,70.7,1
우리가,70.7,71.4,1
kb,71.4,73.2,1
한마음,73.2,73.6,1
김종익,73.6,74.1,1
대표는,74.1,74.6,1
수시로,74.6,75.5,1
사채를,75.5,77.2,1
받아서,77.2,77.8,1
자살시도를,77.8,79.1,1
여러,79.1,79.3,1
번,79.3,79.5,1
했던,79.5,79.9,1
기억도,79.9,80.7,1
있습니다,80.7,81.1,1
그리고,81.1,81.8,1
기무사가,81.8,82.6,1
세월호,82.6,83.5,1
유가족,83.5,83.9,1
실종자,83.9,85.2,1
가족,85.2,85.6,1
단원구,85.6,86.4,1
학생들을,86.4,87.2,1
불법사찰,87.2,88.9,1
했던,88.9,89.3,1
내용들,89.3,89.8,1
이런,89.8,90.4,1
내용이,90.4,90.7,1
바로,90.7,91.1,1
과거,91.1,92.4,1
박근혜,92.4,93.0,1
정부에서,93.0,93.6,1
최순실,93.6,94.9,1
비선실세,94.9,95.8,1
국기문란,95.8,96.7,1
하면서,96.7,97.8,1
미뤄졌던,97.8,98.6,1
민간인,98.6,99.1,1
사찰,99.1,99.8,1
입니다,99.8,100.1,1
민간인,100.1,100.9,1
사찰이나,100.9,101.2,1
어떤,101.2,101.6,1
것인지,101.6,102.0,1
다시,102.0,102.5,1
한번,102.5,102.9,1
정확히,102.9,103.3,1
여러분이,103.3,104.4,1
파악하고,104.4,105.2,1
그리고,105.2,105.8,1
또,105.8,106.1,1
기사에,106.1,106.8,1
올려,106.8,107.3,1
주실,107.3,107.5,1
것을,107.5,107.9,1
당부드리며,107.9,108.7,1
써,108.7,108.9,1
언론은,108.9,109.9,1
자신들이,109.9,110.7,1
비,110.7,111.4,1
때문에,111.4,111.5,1
우리도,111.5,112.4,1
없이,112.4,112.8,1
할지,112.8,113.4,1
모른다,113.4,113.9,1
라고,113.9,114.5,1
하는,114.5,114.7,1
착각은,114.7,115.2,1
그만둘,115.2,116.0,1
것을,116.0,116.4,1
촉구합니다,116.4,117.0,1
이상입니다,117.0,118.1,1
자비로,119.9,122.6,1
지도로,122.6,123.3,1
사서,123.3,123.7,1
대통령,123.7,126.3,1
선물을,126.3,127.4,1
업체에게,127.4,128.3,1
전달할,128.3,128.9,1
때는,128.9,129.2,1
마치,129.2,130.3,1
자기,130.3,131.0,1
돈으로,131.0,131.5,1
사서,131.5,131.8,1
마치,131.8,132.6,1
대통령께서,132.6,133.6,1
선물하신,133.6,134.5,1
것처럼,134.5,134.9,1
이렇게,134.9,135.2,1
위장하는,135.2,136.1,1
쓸수도,136.1,136.8,1
보였다,136.8,137.5,1
라고,137.5,138.2,1
하는,138.2,138.3,1
것을,138.3,138.6,1
말씀,138.6,139.2,1
드리겠습니다,139.2,139.5,1
정말,139.5,148.8,1
위원장에,148.8,152.1,1
네,152.1,155.8,1
어제,155.8,156.7,1
오후,156.7,157.1,1
늦게,157.1,157.3,1
택시,157.3,158.2,1
4단체장,158.2,159.2,1
들겠어,159.2,160.2,1
매우,160.2,160.5,1
어려운,160.5,161.1,1
결정을,161.1,161.8,1
내렸습니다,161.8,162.8,1
택시,162.8,164.1,1
사단,164.1,164.7,1
채널,164.7,165.2,1
택시,165.2,165.5,1
자매가,165.5,166.0,1
플레이할,166.0,166.7,1
등을,166.7,167.3,1
해결하기,167.3,168.5,1
위해서,168.5,168.9,1
사회적대타협기구,168.9,170.3,1
참여하고,170.3,171.7,1
또,171.7,172.4,1
대화와,172.4,173.3,1
타협으로,173.3,173.9,1
이,173.9,174.4,1
문제를,174.4,174.9,1
해결,174.9,175.3,1
하겠다,175.3,175.7,1
나는,175.7,176.6,1
제안을,176.6,177.3,1
해오셨습니다,177.3,177.8,1
그리고,177.8,179.0,1
오늘,179.0,179.6,1
수원,0.0,0.4,1
되는,0.4,0.7,1
날,0.7,0.9,1
경찰청을,0.9,2.2,1
직접,2.2,3.0,1
방문해서,3.0,3.5,1
수사,3.5,4.2,1
내용들을,4.2,4.8,1
확인했습니다,4.8,5.9,1
그리고,5.9,6.8,1
이강철,6.8,7.5,1
대상들과,7.5,8.0,1
주고,8.0,8.8,1
받은,8.8,9.1,1
문자,9.1,9.4,1
등이,9.4,9.9,1
있었고,9.9,10.7,1
이런,10.7,11.1,1
내용들을,11.1,11.5,1
밝혀진,11.5,13.1,1
내용입니다,13.1,13.8,1
또다시,13.8,14.6,1
김태우,14.6,15.1,1
에,15.1,15.2,1
대한,15.2,15.6,1
의혹들이,15.6,16.3,1
나오고,16.3,16.7,1
있습니다,16.7,16.8,1
유착의,16.8,18.4,1
시민은,18.4,19.0,1
건설업자에게,19.0,20.1,1
명절,20.1,21.0,1
때마다,21.0,21.3,1
대통령님을,21.3,22.7,1
선물을,22.7,23.5,1
있다는,23.5,24.6,1
겁니다,24.6,24.8,1
김태우,24.8,26.0,1
특별감찰반원,26.0,27.1,1
2kg,27.1,27.9,1
가,27.9,28.1,1
넘긴,28.1,28.5,1
최고로,28.5,28.8,1
사입을,28.8,29.8,1
추구했다는,29.8,30.5,1
역으로,30.5,31.0,1
수사를,31.0,31.8,1
받고,31.8,32.1,1
있기도,32.1,33.0,1
합니다,33.0,33.3,1
일부,33.3,34.7,1
언론은,34.7,35.1,1
민간,35.1,35.9,1
사철에,35.9,36.4,1
청와대가,36.4,36.9,1
저장한,36.9,37.4,1
것,37.4,37.5,1
아니냐,37.5,37.9,1
이런,37.9,38.4,1
이야기하는데,38.4,39.2,1
민간인,39.2,40.3,1
사찰,40.3,41.0,1
이라고,41.0,41.3,1
하는,41.3,41.5,1
것은,41.5,41.8,1
어떤,41.8,42.4,1
것인지,42.4,42.9,1
여러분께,42.9,43.7,1
오늘,43.7,44.0,1
이,44.0,44.3,1
표를,44.3,44.7,1
제공해,44.7,45.4,1
드리도록,45.4,46.0,1
하겠습니다,46.0,46.5,1
사찰들이,46.5,48.8,1
어떤,48.8,49.5,1
것이,49.5,49.7,1
맞는지,49.7,50.0,1
이,50.0,50.5,1
내용에,50.5,51.0,1
정확히,51.0,51.8,1
나와,51.8,52.1,1
있습니다,52.1,52.5,1
다시,52.5,53.6,1
한번,53.6,53.6,1
말씀,53.6,54.2,1
드리면,54.2,54.6,1
4대강,54.6,55.7,1
반대세력을,55.7,57.0,1
방해하고,57.0,58.7,1
기업홍보,58.7,59.9,1
차단하고,59.9,61.4,1
환경단체,61.4,63.1,1
핵심인물,63.1,64.0,1
24명을,64.0,65.6,1
감찰하고,65.6,68.6,1
세무조사를,68.6,69.7,1
압박하고,69.7,70.7,1
우리가,70.7,71.4,1
kb,71.4,73.2,1
한마음,73.2,73.6,1
김종익,73.6,74.1,1
대표는,74.1,74.6,1
수시로,74.6,75.5,1
사채를,75.5,77.2,1
받아서,77.2,77.8,1
자살시도를,77.8,79.1,1
여러,79.1,79.3,1
번,79.3,79.5,1
했던,79.5,79.9,1
기억도,79.9,80.7,1
있습니다,80.7,81.1,1
그리고,81.1,81.8,1
기무사가,81.8,82.6,1
세월호,82.6,83.5,1
유가족,83.5,83.9,1
실종자,83.9,85.2,1
가족,85.2,85.6,1
단원구,85.6,86.4,1
학생들을,86.4,87.2,1
불법사찰,87.2,88.9,1
했던,88.9,89.3,1
내용들,89.3,89.8,1
이런,89.8,90.4,1
내용이,90.4,90.7,1
바로,90.7,91.1,1
과거,91.1,92.4,1
박근혜,92.4,93.0,1
정부에서,93.0,93.6,1
최순실,93.6,94.9,1
비선실세,94.9,95.8,1
국기문란,95.8,96.7,1
하면서,96.7,97.8,1
미뤄졌던,97.8,98.6,1
민간인,98.6,99.1,1
사찰,99.1,99.8,1
입니다,99.8,100.1,1
민간인,100.1,100.9,1
사찰이나,100.9,101.2,1
어떤,101.2,101.6,1
것인지,101.6,102.0,1
다시,102.0,102.5,1
한번,102.5,102.9,1
정확히,102.9,103.3,1
여러분이,103.3,104.4,1
파악하고,104.4,105.2,1
그리고,105.2,105.8,1
또,105.8,106.1,1
기사에,106.1,106.8,1
올려,106.8,107.3,1
주실,107.3,107.5,1
것을,107.5,107.9,1
당부드리며,107.9,108.7,1
써,108.7,108.9,1
언론은,108.9,109.9,1
자신들이,109.9,110.7,1
비,110.7,111.4,1
때문에,111.4,111.5,1
우리도,111.5,112.4,1
없이,112.4,112.8,1
할지,112.8,113.4,1
모른다,113.4,113.9,1
라고,113.9,114.5,1
하는,114.5,114.7,1
착각은,114.7,115.2,1
그만둘,115.2,116.0,1
것을,116.0,116.4,1
촉구합니다,116.4,117.0,1
이상입니다,117.0,118.1,1
자비로,119.9,122.6,1
지도로,122.6,123.3,1
사서,123.3,123.7,1
대통령,123.7,126.3,1
선물을,126.3,127.4,1
업체에게,127.4,128.3,1
전달할,128.3,128.9,1
때는,128.9,129.2,1
마치,129.2,130.3,1
자기,130.3,131.0,1
돈으로,131.0,131.5,1
사서,131.5,131.8,1
마치,131.8,132.6,1
대통령께서,132.6,133.6,1
선물하신,133.6,134.5,1
것처럼,134.5,134.9,1
이렇게,134.9,135.2,1
위장하는,135.2,136.1,1
쓸수도,136.1,136.8,1
보였다,136.8,137.5,1
라고,137.5,138.2,1
하는,138.2,138.3,1
것을,138.3,138.6,1
말씀,138.6,139.2,1
드리겠습니다,139.2,139.5,1
정말,139.5,148.8,1
위원장에,148.8,152.1,1
네,152.1,155.8,1
어제,155.8,156.7,1
오후,156.7,157.1,1
늦게,157.1,157.3,1
택시,157.3,158.2,1
4단체장,158.2,159.2,1
들겠어,159.2,160.2,1
매우,160.2,160.5,1
어려운,160.5,161.1,1
결정을,161.1,161.8,1
내렸습니다,161.8,162.8,1
택시,162.8,164.1,1
사단,164.1,164.7,1
채널,164.7,165.2,1
택시,165.2,165.5,1
자매가,165.5,166.0,1
플레이할,166.0,166.7,1
등을,166.7,167.3,1
해결하기,167.3,168.5,1
위해서,168.5,168.9,1
사회적대타협기구,168.9,170.3,1
참여하고,170.3,171.7,1
또,171.7,172.4,1
대화와,172.4,173.3,1
타협으로,173.3,173.9,1
이,173.9,174.4,1
문제를,174.4,174.9,1
해결,174.9,175.3,1
하겠다,175.3,175.7,1
나는,175.7,176.6,1
제안을,176.6,177.3,1
해오셨습니다,177.3,177.8,1
그리고,177.8,179.0,1
오늘,179.0,179.6,1
있는,179.9,180.6,1
10만명,180.6,181.7,1
규모의,181.7,182.3,1
여의도집회,182.3,183.1,1
도,183.1,183.3,1
평화적으로,183.3,184.2,1
진행하기로,184.2,185.6,1
하였습니다,185.6,185.9,1
택시업계에,185.9,188.1,1
오늘,188.1,188.7,1
집회,188.7,189.0,1
되시면,189.0,189.6,1
그동안,189.6,190.4,1
많은,190.4,190.8,1
우려가,190.8,191.4,1
있어,191.4,191.8,1
채우기,191.8,193.7,1
기사님의,193.7,194.4,1
분신이,194.4,195.1,1
있었고,195.1,195.5,1
택시업계는,195.5,196.8,1
생존권,196.8,197.6,1
투쟁으로,197.6,198.3,1
이번,198.3,199.0,1
집회를,199.0,199.4,1
교정시험,199.4,200.1,1
만큼,200.1,200.8,1
극단적인,200.8,202.0,1
상황이,202.0,202.4,1
벌어질,202.4,202.9,1
우려가,202.9,203.4,1
있습니다,203.4,204.4,1
정치권에서는,204.4,206.0,1
집회를,206.0,206.9,1
취소하거나,206.9,207.5,1
적어도,207.5,208.6,1
최소한,208.6,209.1,1
평화적,209.1,209.6,1
집회가,209.6,210.2,1
되어야,210.2,210.7,1
한다,210.7,211.1,1
라는,211.1,211.7,1
고민이,211.7,212.3,1
깊어집니다,212.3,213.0,1
극한대립,213.0,214.4,1
상황에서도,214.4,215.4,1
대화에,215.4,216.3,1
끈을,216.3,216.8,1
놓지,216.8,217.2,1
않은,217.2,217.6,1
택시,217.6,218.2,1
이쪽에,218.2,218.8,1
인내심에,218.8,219.7,1
깊은,219.7,220.6,1
감사드립니다,220.6,222.2,1
그리고,222.2,223.1,1
이러한,223.1,223.8,1
결단을,223.8,224.4,1
내려주신,224.4,225.5,1
택시업계에,225.5,226.4,1
커플티,226.4,227.3,1
fun,227.3,227.8,1
진심으로,227.8,229.8,1
결단을,229.8,230.4,1
높이,230.4,230.9,1
평가,230.9,231.5,1
합니다,231.5,231.9,1
오늘,231.9,232.9,1
고,232.9,233.5,1
채우기,233.5,234.2,1
택시기사님의,234.2,235.3,1
영결식이,235.3,236.6,1
역시,236.6,237.7,1
예정되어,237.7,238.3,1
있습니다,238.3,238.5,1
다시,238.5,239.6,1
한번,239.6,239.6,1
수원,0.0,0.4,1
되는,0.4,0.7,1
날,0.7,0.9,1
경찰청을,0.9,2.2,1
직접,2.2,3.0,1
방문해서,3.0,3.5,1
수사,3.5,4.2,1
내용들을,4.2,4.8,1
확인했습니다,4.8,5.9,1
그리고,5.9,6.8,1
이강철,6.8,7.5,1
대상들과,7.5,8.0,1
주고,8.0,8.8,1
받은,8.8,9.1,1
문자,9.1,9.4,1
등이,9.4,9.9,1
있었고,9.9,10.7,1
이런,10.7,11.1,1
내용들을,11.1,11.5,1
밝혀진,11.5,13.1,1
내용입니다,13.1,13.8,1
또다시,13.8,14.6,1
김태우,14.6,15.1,1
에,15.1,15.2,1
대한,15.2,15.6,1
의혹들이,15.6,16.3,1
나오고,16.3,16.7,1
있습니다,16.7,16.8,1
유착의,16.8,18.4,1
시민은,18.4,19.0,1
건설업자에게,19.0,20.1,1
명절,20.1,21.0,1
때마다,21.0,21.3,1
대통령님을,21.3,22.7,1
선물을,22.7,23.5,1
있다는,23.5,24.6,1
겁니다,24.6,24.8,1
김태우,24.8,26.0,1
특별감찰반원,26.0,27.1,1
2kg,27.1,27.9,1
가,27.9,28.1,1
넘긴,28.1,28.5,1
최고로,28.5,28.8,1
사입을,28.8,29.8,1
추구했다는,29.8,30.5,1
역으로,30.5,31.0,1
수사를,31.0,31.8,1
받고,31.8,32.1,1
있기도,32.1,33.0,1
합니다,33.0,33.3,1
일부,33.3,34.7,1
언론은,34.7,35.1,1
민간,35.1,35.9,1
사철에,35.9,36.4,1
청와대가,36.4,36.9,1
저장한,36.9,37.4,1
것,37.4,37.5,1
아니냐,37.5,37.9,1
이런,37.9,38.4,1
이야기하는데,38.4,39.2,1
민간인,39.2,40.3,1
사찰,40.3,41.0,1
이라고,41.0,41.3,1
하는,41.3,41.5,1
것은,41.5,41.8,1
어떤,41.8,42.4,1
것인지,42.4,42.9,1
여러분께,42.9,43.7,1
오늘,43.7,44.0,1
이,44.0,44.3,1
표를,44.3,44.7,1
제공해,44.7,45.4,1
드리도록,45.4,46.0,1
하겠습니다,46.0,46.5,1
사찰들이,46.5,48.8,1
어떤,48.8,49.5,1
것이,49.5,49.7,1
맞는지,49.7,50.0,1
이,50.0,50.5,1
내용에,50.5,51.0,1
정확히,51.0,51.8,1
나와,51.8,52.1,1
있습니다,52.1,52.5,1
다시,52.5,53.6,1
한번,53.6,53.6,1
말씀,53.6,54.2,1
드리면,54.2,54.6,1
4대강,54.6,55.7,1
반대세력을,55.7,57.0,1
방해하고,57.0,58.7,1
기업홍보,58.7,59.9,1
차단하고,59.9,61.4,1
환경단체,61.4,63.1,1
핵심인물,63.1,64.0,1
24명을,64.0,65.6,1
감찰하고,65.6,68.6,1
세무조사를,68.6,69.7,1
압박하고,69.7,70.7,1
우리가,70.7,71.4,1
kb,71.4,73.2,1
한마음,73.2,73.6,1
김종익,73.6,74.1,1
대표는,74.1,74.6,1
수시로,74.6,75.5,1
사채를,75.5,77.2,1
받아서,77.2,77.8,1
자살시도를,77.8,79.1,1
여러,79.1,79.3,1
번,79.3,79.5,1
했던,79.5,79.9,1
기억도,79.9,80.7,1
있습니다,80.7,81.1,1
그리고,81.1,81.8,1
기무사가,81.8,82.6,1
세월호,82.6,83.5,1
유가족,83.5,83.9,1
실종자,83.9,85.2,1
가족,85.2,85.6,1
단원구,85.6,86.4,1
학생들을,86.4,87.2,1
불법사찰,87.2,88.9,1
했던,88.9,89.3,1
내용들,89.3,89.8,1
이런,89.8,90.4,1
내용이,90.4,90.7,1
바로,90.7,91.1,1
과거,91.1,92.4,1
박근혜,92.4,93.0,1
정부에서,93.0,93.6,1
최순실,93.6,94.9,1
비선실세,94.9,95.8,1
국기문란,95.8,96.7,1
하면서,96.7,97.8,1
미뤄졌던,97.8,98.6,1
민간인,98.6,99.1,1
사찰,99.1,99.8,1
입니다,99.8,100.1,1
민간인,100.1,100.9,1
사찰이나,100.9,101.2,1
어떤,101.2,101.6,1
것인지,101.6,102.0,1
다시,102.0,102.5,1
한번,102.5,102.9,1
정확히,102.9,103.3,1
여러분이,103.3,104.4,1
파악하고,104.4,105.2,1
그리고,105.2,105.8,1
또,105.8,106.1,1
기사에,106.1,106.8,1
올려,106.8,107.3,1
주실,107.3,107.5,1
것을,107.5,107.9,1
당부드리며,107.9,108.7,1
써,108.7,108.9,1
언론은,108.9,109.9,1
자신들이,109.9,110.7,1
비,110.7,111.4,1
때문에,111.4,111.5,1
우리도,111.5,112.4,1
없이,112.4,112.8,1
할지,112.8,113.4,1
모른다,113.4,113.9,1
라고,113.9,114.5,1
하는,114.5,114.7,1
착각은,114.7,115.2,1
그만둘,115.2,116.0,1
것을,116.0,116.4,1
촉구합니다,116.4,117.0,1
이상입니다,117.0,118.1,1
자비로,119.9,122.6,1
지도로,122.6,123.3,1
사서,123.3,123.7,1
대통령,123.7,126.3,1
선물을,126.3,127.4,1
업체에게,127.4,128.3,1
전달할,128.3,128.9,1
때는,128.9,129.2,1
마치,129.2,130.3,1
자기,130.3,131.0,1
돈으로,131.0,131.5,1
사서,131.5,131.8,1
마치,131.8,132.6,1
대통령께서,132.6,133.6,1
선물하신,133.6,134.5,1
것처럼,134.5,134.9,1
이렇게,134.9,135.2,1
위장하는,135.2,136.1,1
쓸수도,136.1,136.8,1
보였다,136.8,137.5,1
라고,137.5,138.2,1
하는,138.2,138.3,1
것을,138.3,138.6,1
말씀,138.6,139.2,1
드리겠습니다,139.2,139.5,1
정말,139.5,148.8,1
위원장에,148.8,152.1,1
네,152.1,155.8,1
어제,155.8,156.7,1
오후,156.7,157.1,1
늦게,157.1,157.3,1
택시,157.3,158.2,1
4단체장,158.2,159.2,1
들겠어,159.2,160.2,1
매우,160.2,160.5,1
어려운,160.5,161.1,1
결정을,161.1,161.8,1
내렸습니다,161.8,162.8,1
택시,162.8,164.1,1
사단,164.1,164.7,1
채널,164.7,165.2,1
택시,165.2,165.5,1
자매가,165.5,166.0,1
플레이할,166.0,166.7,1
등을,166.7,167.3,1
해결하기,167.3,168.5,1
위해서,168.5,168.9,1
사회적대타협기구,168.9,170.3,1
참여하고,170.3,171.7,1
또,171.7,172.4,1
대화와,172.4,173.3,1
타협으로,173.3,173.9,1
이,173.9,174.4,1
문제를,174.4,174.9,1
해결,174.9,175.3,1
하겠다,175.3,175.7,1
나는,175.7,176.6,1
제안을,176.6,177.3,1
해오셨습니다,177.3,177.8,1
그리고,177.8,179.0,1
오늘,179.0,179.6,1
있는,179.9,180.6,1
10만명,180.6,181.7,1
규모의,181.7,182.3,1
여의도집회,182.3,183.1,1
도,183.1,183.3,1
평화적으로,183.3,184.2,1
진행하기로,184.2,185.6,1
하였습니다,185.6,185.9,1
택시업계에,185.9,188.1,1
오늘,188.1,188.7,1
집회,188.7,189.0,1
되시면,189.0,189.6,1
그동안,189.6,190.4,1
많은,190.4,190.8,1
우려가,190.8,191.4,1
있어,191.4,191.8,1
채우기,191.8,193.7,1
기사님의,193.7,194.4,1
분신이,194.4,195.1,1
있었고,195.1,195.5,1
택시업계는,195.5,196.8,1
생존권,196.8,197.6,1
투쟁으로,197.6,198.3,1
이번,198.3,199.0,1
집회를,199.0,199.4,1
교정시험,199.4,200.1,1
만큼,200.1,200.8,1
극단적인,200.8,202.0,1
상황이,202.0,202.4,1
벌어질,202.4,202.9,1
우려가,202.9,203.4,1
있습니다,203.4,204.4,1
정치권에서는,204.4,206.0,1
집회를,206.0,206.9,1
취소하거나,206.9,207.5,1
적어도,207.5,208.6,1
최소한,208.6,209.1,1
평화적,209.1,209.6,1
집회가,209.6,210.2,1
되어야,210.2,210.7,1
한다,210.7,211.1,1
라는,211.1,211.7,1
고민이,211.7,212.3,1
깊어집니다,212.3,213.0,1
극한대립,213.0,214.4,1
상황에서도,214.4,215.4,1
대화에,215.4,216.3,1
끈을,216.3,216.8,1
놓지,216.8,217.2,1
않은,217.2,217.6,1
택시,217.6,218.2,1
이쪽에,218.2,218.8,1
인내심에,218.8,219.7,1
깊은,219.7,220.6,1
감사드립니다,220.6,222.2,1
그리고,222.2,223.1,1
이러한,223.1,223.8,1
결단을,223.8,224.4,1
내려주신,224.4,225.5,1
택시업계에,225.5,226.4,1
커플티,226.4,227.3,1
fun,227.3,227.8,1
진심으로,227.8,229.8,1
결단을,229.8,230.4,1
높이,230.4,230.9,1
평가,230.9,231.5,1
합니다,231.5,231.9,1
오늘,231.9,232.9,1
고,232.9,233.5,1
채우기,233.5,234.2,1
택시기사님의,234.2,235.3,1
영결식이,235.3,236.6,1
역시,236.6,237.7,1
예정되어,237.7,238.3,1
있습니다,238.3,238.5,1
다시,238.5,239.6,1
한번,239.6,239.6,1
고인의,239.8,240.5,1
명복을,240.5,240.6,1
빌고,240.6,241.6,1
유가족들에게,241.6,242.8,1
깊은,242.8,243.5,1
위로를,243.5,243.9,1
드립니다,243.9,244.1,1
다시는,244.1,245.7,1
이런,245.7,246.0,1
희생자가,246.0,246.6,1
발생하지,246.6,247.5,1
않도록,247.5,247.8,1
더불어민주당,247.8,249.3,1
도,249.3,249.5,1
택시,249.5,250.2,1
산업,250.2,250.6,1
발전을,250.6,251.2,1
위해서,251.2,251.7,1
최선을,251.7,252.3,1
다하겠습니다,252.3,253.1,1
감사합니다,253.1,254.1,1
가는,254.1,260.4,1
길,260.4,260.7,1
결정,0.0,1.6,1
생각합니다,1.6,4.0,1
국민께서,4.0,6.7,1
관심을,6.7,7.5,1
가지고,7.5,7.8,1
지켜봐,7.8,8.6,1
주고,8.6,8.7,1
계시는,8.7,9.1,1
산업안전보건법,9.1,10.3,1
개정,10.3,11.1,1
않은,11.1,11.8,1
그러한,11.8,12.2,1
내용을,12.2,12.6,1
담고,12.6,12.8,1
있습니다,12.8,13.1,1
우리가,13.1,14.2,1
제도를,14.2,15.1,1
통해서,15.1,15.5,1
모든,15.5,16.0,1
산업체를,16.0,16.9,1
모든,16.9,17.5,1
산업재를,17.5,18.0,1
통한,18.0,18.5,1
사망사고를,18.5,19.3,1
없앨수는,19.3,20.2,1
없겠습니다만,20.2,21.0,1
제도를,21.0,21.9,1
통해서,21.9,22.4,1
최소화할,22.4,23.7,1
수,23.7,23.8,1
있습니다,23.8,24.9,1
그,24.9,26.5,1
최소화하기,26.5,27.2,1
위한,27.2,27.7,1
정부,27.7,28.5,1
나,28.5,28.6,1
이뻐,28.6,29.1,1
보이는,29.1,29.4,1
거에,29.4,29.7,1
대해서,29.7,30.1,1
경제계는,30.1,31.2,1
이제,31.2,31.7,1
제발,31.7,32.0,1
응답해,32.0,32.5,1
주시기를,32.5,33.0,1
바랍니다,33.0,33.3,1
이,33.3,33.9,1
법이,33.9,34.3,1
통과되기,34.3,34.8,1
되지,34.8,35.6,1
않기를,35.6,36.2,1
바라면서,36.2,36.9,1
입법,36.9,38.8,1
저지,38.8,39.3,1
노력하는,39.3,41.6,1
그,41.6,41.9,1
열정만큼,41.9,43.1,1
실제로,43.1,43.6,1
현장에서,43.6,44.3,1
산업재해를,44.3,44.9,1
줄이기,44.9,46.0,1
위해서,46.0,46.4,1
작업,46.4,47.1,1
죄로,47.1,47.4,1
인한,47.4,47.7,1
사고를,47.7,48.6,1
줄이기,48.6,49.0,1
위해서,49.0,49.5,1
사용자들이,49.5,51.1,1
무엇을,51.1,51.5,1
해야,51.5,51.7,1
하는지에,51.7,52.1,1
대해서,52.1,52.3,1
한,52.3,52.5,1
번,52.5,52.6,1
더,52.6,52.8,1
고민해,52.8,53.1,1
주시는,53.1,53.7,1
그런,53.7,54.4,1
시간을,54.4,55.0,1
가져,55.0,55.3,1
주시기를,55.3,55.6,1
바랍니다,55.6,56.0,1
21일,56.0,58.6,1
공청회,58.6,59.5,1
그리고,59.5,59.9,1
결정,0.0,1.6,1
생각합니다,1.6,4.0,1
국민께서,4.0,6.7,1
관심을,6.7,7.5,1
가지고,7.5,7.8,1
지켜봐,7.8,8.6,1
주고,8.6,8.7,1
계시는,8.7,9.1,1
산업안전보건법,9.1,10.3,1
개정,10.3,11.1,1
않은,11.1,11.8,1
그러한,11.8,12.2,1
내용을,12.2,12.6,1
담고,12.6,12.8,1
있습니다,12.8,13.1,1
우리가,13.1,14.2,1
제도를,14.2,15.1,1
통해서,15.1,15.5,1
모든,15.5,16.0,1
산업체를,16.0,16.9,1
모든,16.9,17.5,1
산업재를,17.5,18.0,1
통한,18.0,18.5,1
사망사고를,18.5,19.3,1
없앨수는,19.3,20.2,1
없겠습니다만,20.2,21.0,1
제도를,21.0,21.9,1
통해서,21.9,22.4,1
최소화할,22.4,23.7,1
수,23.7,23.8,1
있습니다,23.8,24.9,1
그,24.9,26.5,1
최소화하기,26.5,27.2,1
위한,27.2,27.7,1
정부,27.7,28.5,1
나,28.5,28.6,1
이뻐,28.6,29.1,1
보이는,29.1,29.4,1
거에,29.4,29.7,1
대해서,29.7,30.1,1
경제계는,30.1,31.2,1
이제,31.2,31.7,1
제발,31.7,32.0,1
응답해,32.0,32.5,1
주시기를,32.5,33.0,1
바랍니다,33.0,33.3,1
이,33.3,33.9,1
법이,33.9,34.3,1
통과되기,34.3,34.8,1
되지,34.8,35.6,1
않기를,35.6,36.2,1
바라면서,36.2,36.9,1
입법,36.9,38.8,1
저지,38.8,39.3,1
노력하는,39.3,41.6,1
그,41.6,41.9,1
열정만큼,41.9,43.1,1
실제로,43.1,43.6,1
현장에서,43.6,44.3,1
산업재해를,44.3,44.9,1
줄이기,44.9,46.0,1
위해서,46.0,46.4,1
작업,46.4,47.1,1
죄로,47.1,47.4,1
인한,47.4,47.7,1
사고를,47.7,48.6,1
줄이기,48.6,49.0,1
위해서,49.0,49.5,1
사용자들이,49.5,51.1,1
무엇을,51.1,51.5,1
해야,51.5,51.7,1
하는지에,51.7,52.1,1
대해서,52.1,52.3,1
한,52.3,52.5,1
번,52.5,52.6,1
더,52.6,52.8,1
고민해,52.8,53.1,1
주시는,53.1,53.7,1
그런,53.7,54.4,1
시간을,54.4,55.0,1
가져,55.0,55.3,1
주시기를,55.3,55.6,1
바랍니다,55.6,56.0,1
21일,56.0,58.6,1
공청회,58.6,59.5,1
그리고,59.5,59.9,1
법안소위,59.9,61.0,1
최대한,61.0,62.4,1
노력을,62.4,62.7,1
해서,62.7,62.9,1
24일까지는,62.9,63.7,1
전체,63.7,64.1,1
1일까지,64.1,64.7,1
마치고,64.7,65.7,1
1위를,65.7,66.4,1
통과시킨,66.4,66.9,1
다음에,66.9,67.3,1
27일,67.3,68.7,1
보내기에는,68.7,69.3,1
상정이,69.3,70.0,1
될,70.0,70.2,1
수,70.2,70.3,1
있도록,70.3,70.5,1
최대한,70.5,70.8,1
노력을,70.8,71.2,1
할,71.2,71.3,1
것입니다,71.3,71.7,1
이렇게,71.7,72.5,1
입고,72.5,73.1,1
가,73.1,73.3,1
누르고,73.3,73.6,1
하는,73.6,73.7,1
것에,73.7,74.0,1
대해서,74.0,74.4,1
경영계는,74.4,75.8,1
다시,75.8,76.1,1
한번,76.1,76.3,1
말씀,76.3,76.6,1
드립니다,76.6,76.9,1
응답해,76.9,77.6,1
주시기를,77.6,78.2,1
바라겠습니다,78.2,78.7,1
네,78.7,80.5,1
이상으로,80.5,81.2,1
제,81.2,81.6,1
115차,81.6,82.5,1
정책조정회의,82.5,83.6,1
동계,83.6,84.4,1
일,84.4,84.9,1
모두,84.9,85.1,1
마치도록,85.1,85.5,1
하겠습니다,85.5,85.8,1
여러분들의,85.8,86.9,1
